147.05,145.52,147.49,144.27
147.51,147.54,148.09,146.84
146.58,145.1,147.2,144.96
143.65,144.09,144.3,143.27
143.79,143.923,144.16,143.31
143.68,144.47,144.6,143.3762
144.53,143.91,144.9,143.87
143.64,143.5,143.95,143.18
142.27,142.44,142.68,141.85
142.44,141.22,142.92,141.16
140.68,141.88,142,140.45
141.2,141.41,142.04,141.11
141.83,141.48,141.88,140.87
141.05,141.91,142.38,141.05
141.8,141.6,142.15,141.01
141.63,142.94,143.35,140.06
143.17,143.6,143.8792,142.9
143.34,143.73,144.18,143.27
143.66,144.29,144.52,143.45
144.02,144.22,145.46,143.81
144.77,143.25,144.89,143.17
143.7,143.71,144.12,143.05
143.66,143.72,144.27,143.01
143.93,144.19,144.5,143.5
144.12,143.68,144.49,143.19
143.8,140.91,144.04,140.62
140.88,139.39,141.22,138.62
140.64,141.5,141.74,140.35
140.92,141.26,141.5844,140.61
141.42,139.845,141.6,139.76
139.84,142.11,142.8,139.73
141.46,140.4,141.5,140.23
139.99,141,141,139.89
140.69,140.72,141.02,140.26
140.46,139.41,140.7501,139.025
138.99,139.3,139.65,138.84
139.2,138.85,139.43,138.82
139.14,139.25,139.3571,138.64
138.68,138.74,138.79,137.05
139,138.95,139.8,138.82
139.52,139.06,139.98,138.79
139.34,139.365,139.77,138.5959
139.78,138.78,139.83,138.59
138.96,140,140.2786,138.76
139.79,137.89,140.15,137.595
136.99,137.08,137.435,136.7
136.93,137.14,137.435,136.28
136.66,135.91,136.66,135.28
136.53,137.38,137.48,136.3
137.11,136.43,137.12,136.11
136.7,136.23,136.75,135.98
135.72,135.1,135.83,135.1
135.345,135.67,135.9,134.8398
135.51,135.52,136.27,134.62
135.02,133.47,135.09,133.25
133.29,133.08,133.82,132.75
132.12,132.46,132.94,132.05
132.42,131.65,132.445,131.12
132.04,131.35,132.22,131.22
131.53,130.54,132.09,130.45
130.29,129.13,130.5,128.9
129.08,128.31,129.19,128.16
128.53,127.975,129.39,127.78
128.75,127.03,130.49,127.01
121.35,121.15,121.39,120.62
121.63,120.93,121.63,120.66
121.95,122.14,122.35,121.6
121.94,121.67,122.44,121.6
121.88,120.42,122.1,120.28
119.97,119.55,120.1,119.5
120.08,120,120.81,119.77
120,120.45,120.45,119.7346
119.78,119.4,120.09,119.37
119.99,120,120.5,119.71
120,118.34,120.24,118.22
119.04,119.11,119.62,118.81
119.25,118.895,119.3,118.21
119.75,118.74,119.93,118.6
119.11,118.77,119.38,118.3
118.99,117.95,119.43,117.94
117.91,116.78,118.16,116.47
116.61,115.92,116.8642,115.81
116.02,115.85,116.51,115.75
116.15,115.8,116.33,114.76
115.82,116.65,117.2,115.43
116.73,116.45,117.1095,116.4
116.76,117.52,118.0166,116.2
117.26,116.52,117.8,116.49
116.52,115.59,116.52,115.59
116.29,116.35,116.51,115.64
117.06,116.8,117.4,116.78
116.95,116.74,117.5,116.68
116.64,115.8,117.38,115.75
115.97,116.47,116.5,115.645
115.82,115.38,116.73,115.23
115.19,115.04,116.2,114.98
115.19,113.84,115.92,113.75
113.3,113.29,115,112.49
113.95,112.31,114.7,112.31
112.12,110.86,112.43,110.6
111.03,109.26,111.19,109.16
109.95,109.5,110.36,109.19
109.11,110,110.03,108.25
109.9,109.17,110.09,108.85
109.49,110.365,110.94,109.03
110.52,111.6,112.2,110.27
111.46,110.78,112.03,110.07
111.57,111.43,112.465,111.39
111.79,111.13,111.87,110.95
111.23,111.36,111.51,110.33
111.8,111.95,112.42,111.4
111.73,110.12,111.99,110.01
110.06,109.72,110.54,109.66
109.95,109.81,110.35,108.83
109.99,106.7,110.23,106.6
107.11,106.57,107.68,106.1593
105.71,107.71,107.809,104.08
108.43,107.12,108.87,106.55
107.79,111.09,111.09,105.83
110.88,109.88,111.32,108.05
111.06,110.31,111.72,109.7
110.41,110.08,110.51,109.46
108.84,108.53,110.25,108.11
109.83,110.98,111.46,109.55
111.59,111.4,112.35,111.23
111.49,113.46,113.77,110.53
113.54,113.65,114.23,113.2
113.72,113.87,115.21,113.45
114.48,115.39,115.86,114.1
115.59,114.31,115.7,113.31
118.25,117.95,118.36,117.31
117.65,117.1,117.74,117
116.6,116.81,116.91,116.28
117.06,116.86,117.38,116.33
117.12,117.25,117.76,113.8
117.47,118.18,118.21,117.45
117.55,117.33,117.84,116.78
117.63,117.88,118.17,117.13
116.98,116.79,117.44,115.72
117.34,117.35,117.98,116.75
116.3,117.7,118.69,116.2
116.05,115.02,116.75,114.72
114.06,114.31,114.56,113.51
113.89,113.7,114.34,113.13
113.05,113.4,113.66,112.69
113,113.06,114.31,112.63
112.52,112.71,113.05,112.28
113.05,112.46,113.37,111.8
112.18,113.16,113.8,111.8
113.95,113.69,114.64,113.43
113.09,113,113.18,112.34
112.88,111.64,113.39,111.55
112.71,114.42,114.79,111.55
114.62,114.35,114.94,114
113.55,113.85,113.989,112.441
113.57,113.05,114.12,112.51
113.58,115.19,116.18,113.25
114.92,115.12,116.13,114.04
115.57,113.86,115.73,113.49
111.77,108.73,113.03,108.6
107.95,107.51,108.79,107.24
105.44,102.65,105.72,102.53
103.13,104.64,105.72,103.13
105.52,107.25,107.27,105.24
108.36,107.83,108.76,107.07
107.7,107.9,108.3,107.51
107.73,107.7,108,106.82
106.73,106.14,106.8,105.62
106.1,105.66,106.5699,105.64
106,105.8,106.5,105.5
106.82,106.62,107.44,106.29
106.94,107.41,107.95,106.31
107.57,107.39,107.88,106.68
108.03,108.565,108.75,107.68
108.85,108.59,109.32,108.53
108.51,108.86,109.1,107.85
109.36,108.77,109.69,108.36
109.08,109.23,109.6,109.02
109.22,109.1,109.37,108.34
109.38,109.63,110.23,109.21
109.48,108.14,109.54,108.08
108.18,107.78,108.44,107.78
107.93,108.52,108.93,107.85
108,108.71,108.9,107.76
108.81,108.23,108.94,108.01
108.37,107.52,108.37,107.16
107.48,106.27,107.65,106.18
105.87,105.58,106,105.28
105.79,104.81,105.84,104.77
104.48,106.05,106.07,104
106.05,104.41,106.15,104.41
104.21,104.19,104.55,103.68
104.34,102.83,104.45,102.82
102.95,104.265,104.35,102.75
96.67,96.82,97.97,96.42
97.34,98.25,98.84,96.92
98.66,99.26,99.3,98.31
99.43,99.83,101,99.13
99.96,100,100.46,99.735
99.87,99.56,100,99.34
99.83,98.7,100.13,98.6
98.78,98.92,99.3,98.5
98.79,97.39,98.99,97.32
96.87,97.41,97.67,96.84
97.42,97.17,97.7,97.12
96.98,96.75,97.65,96.73
96.68,96.49,96.89,96.05
95.94,95.7,96.5,95.62
95.53,94.6,95.66,94.37
94.99,95.39,95.4,94.46
95.89,95.49,96.465,95.33
95.6,94.44,95.77,94.3
94.4,93.97,94.55,93.63
93.59,92.9,93.66,92.14
92.04,93,93.05,91.5
93.4,92.91,94.655,92.65
96.1,95.94,96.29,95.25
95.55,96.25,96.89,95.35
95.91,94.94,96.35,94.676
95.1,96,96.57,95.03
95.33,96.62,96.65,95.3
97.55,96.45,97.75,96.07
97.14,97.82,98.41,97.03
97.46,97.32,98.475,96.75
97.34,98.69,99.12,97.1
98.83,98.53,99.3457,98.48
99.65,98.5,99.99,98.46
98.94,99.02,99.56,98.68
99.03,99.25,99.87,98.96
98.63,97.99,101.89,97.55
97.92,97.79,98.27,97.45
97.72,97.6,97.84,96.63
98.46,99.02,99.54,98.33
99.86,99.6,100.4,98.82
100.35,99.44,100.47,99.245
100.41,99.68,100.73,98.64
99.62,98.67,99.74,98.11
97.9,97.22,98.09,96.84
96.43,95.87,97.19,95.67
95.22,94.64,95.43,94.52
94.2,94.64,94.64,93.57
94.56,94.16,95.21,93.89
93.49,94.55,94.7,93.01
93.88,92.39,94.39,91.65
90.52,90,91.67,90
90.34,92.72,92.78,89.47
92.51,93.48,93.57,92.46
93.42,93.33,93.57,92.11
92.79,93,93.77,92.59
92.72,93.37,93.45,91.85
93.24,94,94.07,92.68
94.19,95.2,95.9,93.82
95.18,94.2,95.74,93.68
93.64,93.965,94.08,92.4
93.74,93.99,94.72,92.51
94.83,97.61,97.88,94.25
97.82,96,98.71,95.68
104.35,103.91,105.3,103.91
105.08,105,105.65,104.51
105.68,105.01,106.48,104.62
105.97,106.93,106.93,105.52
107.13,106.64,108.09,106.06
106.91,107.88,108,106.23
107.48,108.89,108.95,106.94
109.85,112.11,112.3,109.73
112.1,111.62,112.39,111.33
112.04,110.8,112.34,110.8
110.44,109.34,110.5,108.66
109.02,108.97,110.61,108.83
108.66,108.91,109.77,108.17
108.54,109.95,110.42,108.121
110.96,110.23,110.98,109.2
109.81,109.51,110.73,109.42
111.12,110.42,112.19,110.27
109.99,108.78,110,108.2
108.99,109.72,109.9,108.88
109.56,108.65,110.42,108.6
107.68,104.89,107.79,104.88
105.19,106,106.19,105.06
105.67,105.47,106.25,104.89
106.13,106.48,107.07,105.9
106.72,105.25,107.29,105.21
105.91,105.93,107.65,105.1401
105.92,106.34,106.5,105.19
105.8,105.52,106.47,104.96
105.97,104.61,106.31,104.59
104.58,103.96,105.18,103.85
102.52,101.91,102.91,101.78
102.26,102.24,102.28,101.5
101.17,101.41,102.24,100.15
101.12,101.31,101.58,100.27
101.03,100.78,101.76,100.4
101.87,102.39,102.83,100.96
103.01,102.37,103.75,101.37
101.5,100.58,101.7099,100.45
100.75,100.51,100.89,99.64
100.53,97.65,100.77,97.42
96.69,96.86,98.23,96.65
96.91,97.2,98.0237,96.58
96.76,96.05,96.76,95.25
96.1,93.98,96.38,93.32
94.69,96.4,96.5,94.55
96.88,96.31,96.9,95.92
96.04,96,96.7599,95.8
96.26,98.84,98.89,96.091
98.12,96.67,98.21,96.15
96.64,95.02,96.85,94.61
93.99,94.19,94.5,93.01
93.7,93.79,94.72,92.59
94.27,95.92,96.35,94.1
94.99,94.29,95.94,93.93
95.01,93.13,95.7,93.04
94.02,96.52,96.92,93.69
96.6,95.86,97.33,95.19
96.35,95,96.84,94.08
94.48,95.42,96.04,94.28
96.43,96.47,96.71,95.4
97.34,94.79,97.34,94.35
94.09,93.79,94.52,92.39
93.42,96.04,96.6289,93.34
99.99,99.93,100.88,98.07
99.44,101.52,101.53,99.21
101.42,98.63,101.46,98.37
96.3,97.06,97.88,94.94
96.79,95.1,98.1897,93.42
96.66,98.41,98.65,95.5
97.13,96.2,97.71,95.36
99.52,97.96,100.48,95.74
97.39,100.32,101.19,97.3
99.96,100.55,100.69,98.8399
98.53,98.97,99.06,97.34
96.96,98.55,99.11,96.76
96.45,98.68,100.13,96.43
100.7,100.56,102.37,99.87
102.71,105.75,105.85,102.41
105.35,102.61,105.368,102
105.26,107.01,107.03,104.82
107.32,108.58,108.7,107.18
108.74,106.96,109.43,106.86
106.82,107.59,107.69,106.1807
108.03,109,109,107.95
108.61,107.27,108.85,107.2
107.23,107.4,107.72,106.451
107.33,107.28,107.37,105.57
106.03,108.91,109.52,105.81
108.98,112.02,112.25,108.98
111.34,111.07,111.99,108.8
110.49,111.94,112.8,110.35
112.48,112.18,112.68,109.79
113.18,115.19,115.39,112.851
116.17,116.04,116.94,115.51
115.62,117.64,117.69,115.08
118.23,117.52,118.6,116.86
118.28,118.98,119.86,117.81
119.03,115.29,119.25,115.11
115.2,116.55,116.79,114.22
116.28,117.05,118.11,116.08
117.34,118.75,118.81,116.86
118.3,117.99,119.41,117.75
117.81,118.29,118.41,117.6
118.03,119.21,119.23,117.92
118.88,117.33,119.35,117.12
117.75,119.27,119.73,117.34
119.3,119.2,119.92,118.85
118.78,117.64,119.75,116.76
117.29,115.76,117.49,115.5
113.69,114.92,115.05,113.32
114.175,111.38,114.24,111
112.34,115.2,115.57,112.27
115.72,116.26,116.82,115.65
116.11,116.37,117.42,115.21
116.77,116.9,118.07,116.061
120.57,120.96,121.81,120.05
121.06,121.11,121.81,120.62
120.92,121.85,122.69,120.18
122,123.13,123.82,121.62
122.57,120.79,123.49,120.7
121.18,119.87,121.36,119.61
119.5,120.99,121.22,119.45
120.53,118.7,120.69,118.27
119.27,116.93,119.3,116.06
114.55,115.4,116.54,113.99
115.28,118.08,118.13,114.92
119.08,116.7,119.228,116.33
115.5,114.33,115.5,114.1
113.76,114,115.58,113.7
113.77,111.34,114.17,110.82
111.73,110.8,111.75,110.11
111.04,111.78,112,110.53
111.86,110.93,112.1,110.49
110.21,111.29,111.52,109.56
111.79,110.82,112.45,110.68
111.6,112.73,112.75,111.44
112.12,110,112.28,109.49
109.5,110.19,110.19,108.21
110.78,111.74,111.77,109.41
111.31,110.63,111.74,109.765
110.78,109.88,111.3698,109.07
110.38,108.01,111.0136,107.55
109.58,109.07,109.62,107.31
110.3,110.17,111.54,108.73
109.06,112.83,113.51,107.86
112.44,113.85,114.57,112.44
114.71,116.44,116.69,114.02
115,113.25,115.5,112.37
114.32,113.63,114.72,113.3
113.4,113.38,114.18,112.5201
115.21,113.67,115.37,113.66
113.45,112.21,114.3,111.87
113.92,115.66,116.49,113.715
116.41,116.25,116.54,115.44
116.28,115.93,116.53,114.42
115.31,116.58,116.89,114.86
114.21,111.79,114.21,111.76
112.57,110.27,113.2825,109.9
110.15,113.76,114.02,109.77
112.31,111.65,112.56,110.32
109.27,108.97,110.45,108.51
110.37,112.49,112.78,110.04
112.34,110.23,112.34,109.131
107.72,110.15,111.88,107.36
112.76,112.03,114.53,112
113.29,112.17,113.31,111.54
112.92,112.23,113.24,110.02
109.69,107.085,109.89,105.05
103.74,111.11,111.11,103.5
103.12,94.87,108.8,92
105.76,110.43,111.9,105.645
112.65,114.08,114.35,111.63
115.01,116.1,116.52,114.68
116.5,116.43,117.44,116.01
117.16,116.04,117.65,115.5
115.96,114.32,116.31,114.01
115.15,116.04,116.4,114.54
115.24,112.53,115.42,109.63
113.49,117.81,118.18,113.33
119.72,116.53,119.99,116.53
115.52,114.58,116.25,114.5
115.13,115.97,116.5,114.115
115.4,112.95,117.44,112.1
114.64,117.42,117.7,113.25
118.44,121.5,122.57,117.52
121.3,122.6,122.6425,120.91
122.37,122.32,122.5699,121.71
122.99,123.15,123.5,122.27
123.38,123.38,123.91,122.55
122.77,123.09,123.61,122.12
124.5,125.32,125.74,123.9
125.16,126.2,127.09,125.06
125.22,121.99,125.5,121.99
130.75,132.85,132.92,130.32
132.07,130.97,132.97,130.7
129.62,129.08,129.62,128.31
128.51,127.74,128.57,127.35
126.82,125.72,127.15,125.58
125.61,126.04,126.37,125.04
125.66,125.03,125.755,124.32
123.28,121.94,123.85,121.21
120.07,123.85,124.06,119.22
122.57,124.48,124.64,122.54
125.69,125.89,126.15,123.77
126,124.94,126.23,124.85
126.44,126.43,126.69,125.77
126.6,126.9,126.94,125.99
125.425,125.57,126.12,124.86
124.53,125.46,126.47,124.48
126.75,127.67,127.99,126.51
127.5,128.86,129.2,127.5
128.11,127.21,129.8,127.12
127.03,127.48,127.61,126.8792
127.61,127.49,128.06,127.08
126.6,127.71,127.82,126.4
127.88,127.23,128.31,127.22
127.3,127.72,127.88,126.74
127.6,127.03,127.85,126.37
126.92,126.1,127.24,125.71
127.17,128.185,128.33,127.11
128.59,129.18,130.18,128.475
128.88,127.92,129.34,127.85
127.42,126.7,128.08,125.62
127.8,128.9,129.21,126.83
128.65,129.5,129.69,128.36
129.36,129.58,130.58,128.91
130.12,130.66,130.94,129.9
129.96,129.86,130.655,129.32
130.535,131.2,131.39,130.05
130.28,131.23,131.45,129.9
131.78,131.86,131.95,131.1
132.045,130.34,132.26,130.05
129.62,132.6,132.91,129.12
132.54,131.6,132.97,131.4
131.39,130.07,131.63,129.83
130.06,130,130.98,129.34
130.07,130.69,130.88,129.64
130.19,128.38,130.72,128.36
128.77,129.07,129.49,128.21
128.95,127.41,128.95,127.16
126.01,126.15,127.19,125.87
125.865,125.6,126.88,124.82
126.32,127.39,127.56,125.625
127.62,126.68,127.62,126.11
125.26,124.77,126.08,124.02
125.01,126.56,126.75,123.36
125.8,128.15,128.4498,125.78
128.7,129.5,130.57,128.26
128.95,126.1,130.13,125.3
125.15,127.5,127.88,124.58
128.64,130.16,131.59,128.3
130.56,134.455,134.54,129.57
132.65,132.31,133.13,131.15
130.28,130.49,130.63,129.23
129.67,128.3,130.42,128.14
128.62,126.99,128.87,126.32
126.91,128.1,128.2,126.67
127.6,125.57,128.12,125.17
124.75,125.55,126.14,124.46
126.17,126.28,127.1,126.11
126.78,126.41,127.13,126.01
126.3,127,127.29,125.91
126.85,128.37,128.57,126.61
127.1,125.95,127.21,125.26
126.56,125.85,126.58,124.66
125.6,125.85,126.4,124.97
126.01,127.64,128.1218,125.98
127.35,124.47,127.51,124.33
125.32,125.03,125.56,124.19
124.25,124.82,125.12,123.1
124.43,126.09,126.49,124.355
126.37,124.05,126.4,124
123.25,124.57,124.7,122.91
124.24,122.76,124.88,122.6
123.38,126.54,126.82,123.38
126.69,127.23,128.04,126.56
127.21,127.12,127.85,126.52
125.9,128.25,128.4,125.16
127.495,128.75,129.2451,127.4
128.47,127,129.16,126.37
127.04,125.9,127.32,125.65
124.95,123.88,124.95,122.87
123.59,124.4,125.3951,122.58
124.45,122.31,124.9,121.63
122.24,124.75,124.77,122.11
124.51,126.41,127.22,123.8
127.14,127.96,129.57,125.06
126.6,128.4,129.37,126.26
126.41,128.58,128.75,125.76
128.54,129.1,129.56,128.32
129.36,128.96,129.52,128.09
129.09,129.25,130.28,128.3
128.46,130,130.57,128.24
130.415,128.785,130.87,126.61
128.79,131.56,131.6,128.15
132.17,132.94,133.6,131.17
133,130.02,133,129.66
129.495,128.62,129.5,128.05
128.45,128.48,129.03,128.33
128.715,127.625,128.78,127.45
127.83,127.49,128.88,126.92
127.08,127.28,127.28,125.65
126.46,126.06,127.48,125.57
124.88,122.77,124.92,122.5
122.02,120.17,122.15,120.16
119.72,118.55,119.84,118.43
118.93,120.02,120.25,118.45
119.94,120.02,120.23,119.25
119.56,118.5,120.51,118.309
118.65,118.5,119.09,117.61
118.63,118.05,119.17,116.08
117.16,118.4,120,116.85
118.9,116.32,119.19,115.56
115.31,117.625,118.12,115.31
109.14,112.42,112.48,109.03
113.1,113.74,114.3626,112.8
112.98,112.3,113.75,111.53
112.4,110.26,112.47,109.72
109.55,108.95,111.06,108.27
108.72,107.84,108.9667,106.5
105.99,107.03,107.58,105.2
106.82,110,110.06,106.66
109.8,109.04,110.49,108.5
110.22,111.43,112.8,108.91
109.25,112.6,112.63,108.8
112.01,112.67,113.25,110.21
111.89,109.23,112.15,108.7
107.75,107.2,108.2,106.695
106.26,106.54,107.43,104.63
106.25,108.29,108.65,105.41
109.33,111.39,111.44,107.35
110.38,112.82,113.13,110.21
112.52,113.64,113.92,112.11
113.91,113.79,114.77,113.7
113.99,112.1,114.52,112.01
112.01,112.58,112.71,112.01
112.54,113.23,113.33,112.46
112.94,112.16,113.49,111.97
111.78,112.26,113.24,111.66
112.65,111.87,112.65,110.66
109.41,107.12,109.84,106.82
106.745,106.37,110.16,106.26
108.225,110.7,111.6,106.35
109.73,110.46,111.87,109.58
111.62,112.26,113.8,111.34
111.95,114.41,114.85,111.54
114.12,110.19,114.3,109.35
112.4,114.1,114.648,111.62
115,115.99,116.08,114.64
115.49,115.77,117.2,115.29
115.93,115.75,116.35,115.11
114.63,113.5,115.75,112.75
115.07,118.81,119.25,111.27
118.93,119.27,119.4,118.05
119,117.94,119.1,117.83
117.6,119.07,119.75,117.45
118.625,116.85,118.77,116.62
116.47,117.51,117.57,116.03
116.31,114.91,116.86,114.85
114.67,115.44,115.74,113.8
115.47,113.94,115.69,113.89
113.99,114.27,117.28,113.3
114.18,113.15,114.19,113.05
112.82,111.8,113.45,111.6
111.25,109.38,111.43,109.37
109.7,108.7,109.75,108.4
108.83,109.02,109.33,108.67
109.01,108.75,109.32,108.55
108.7,108.6,108.79,107.8
108.86,109.1,109.3,108.125
108.6,109.36,109.49,107.72
109.4,108.22,110.3,108.01
108,108.01,108.04,107.21
106.98,106.959,107.35,105.9
107.34,106.65,107.37,106.36
106.74,105.4,106.74,105.35
105.11,104.85,105.48,104.7
105.22,105.18,105.49,104.53
104.83,104.08,105.051,103.63
102.99,102.84,104.11,102.6
102.47,103.02,103.02,101.27
99.76,98.315,99.96,98.22
97.67,97.5,99,96.81
96.26,95.55,97.72,95.41
97.54,97.97,99.15,95.18
98.75,100.39,100.52,98.57
99.81,101.33,101.78,99.81
100.73,100.69,102.03,100.3
101.02,101.54,102.38,100.61
100.8,98.76,101.11,98.31
98.75,99.43,100.12,98.73
99.62,99.95,100.65,99.42
99.62,99.44,100.21,99.04
99.9,99.27,100.22,98.04
99.18,100.59,100.69,98.7
100.75,100.81,101.54,100.53
100.11,98.65,100.435,98.63
100.75,98.53,100.75,98.4
97.87,100.51,100.71,97.72
101.75,102.16,102.85,101.2
102.64,100.6,102.94,100.54
101.06,101.8,102.14,100.58
100.96,102.29,102.35,100.88
101.79,101.93,102.35,101.56
101.58,101.27,101.8,100.5922
100.86,99.8,101.26,98.89
101.63,102.81,103.05,101.44
101.66,101.21,102.19,101.08
101.43,100.41,101.44,99.62
101,98.01,101.11,97.76
97.99,99.08,103.08,96.14
98.36,99.3,99.31,98.05
98.97,98.8,99.39,98.31
98.12,98.85,100.09,97.79
98.94,103.1,103.2,98.58
103.3,103.06,103.74,102.72
102.5,102.86,102.9,102.2
102.25,101.59,102.78,101.56
102.13,101.02,102.57,100.7
100.889,101.42,101.5,100.86
101.54,101.79,102.17,101.28
101.32,100.29,101.47,100.19
100.58,100.57,100.94,100.11
100.57,100.44,101.09,99.95
100.53,99.41,100.68,99.32
99.16,98.49,99.37,97.98
97.98,97.9,98.19,96.86
97.5,97.33,97.57,96.8
97.24,96.15,97.24,96.04
95.97,96.04,96.88,95.61
95.99,95.27,96.08,94.8355
94.74,94.26,94.82,93.28
94.48,94.93,95.95,94.1
94.96,94.75,95.48,94.71
95.12,95.36,95.68,94.36
95.59,96.37,96.58,95.17
96.13,94.9,96.62,94.81
95.6,97.16,97.45,95.33
98.15,98.44,98.7,97.67
98.38,99.33,99.44,98.25
99.02,97.82,99.24,97.55
97.671,96.85,97.84,96.64
97.03,97.035,97.32,96.42
97.19,95.42,97.88,95.17
94.72,94.68,94.89,94.12
93.939,94.99,95,93.72
94.43,93.62,94.74,93.02
93.0899,95.03,95.279,92.57
94.78,96.97,97.1,94.74
95.32,96.8,96.85,95.03
96.45,95.86,96.89,95.65
95.22,95.36,95.89,94.8625
95.035,93.76,95.55,93.52
95.39,95.44,95.95,94.76
95.35,96.27,96.8,93.92
95.968,94.14,95.99,94.1
94.03,93.67,94.1,93.2
93.48,93.865,94.06,93.09
93.52,93.52,94.07,93.13
92.93,92.1,93.725,92.09
91.98,90.82,92,90.77
90.9,90.37,91.05,89.8
90.36,90.21,90.7,89.65
90.28,90.75,91.74,90.19
90.83,91.32,91.62,90.6
90.91,91.85,92.55,90.9
91.86,92.29,92.3,91.3389
92.18,92.27,92.29,91.35
92.08,92.31,92.7,91.8
92.2,91.51,92.75,91.45
91.28,92.2,92.44,90.88
92.29,94.04,94.12,91.9
93.86,94.13,94.76,93.47
94.25,94.73,95.05,93.57
93.7,92.7,93.88,91.75
92.2243,92.8428,93.0371,92.0671
92.4785,92.3143,92.7671,91.8014
92.1171,91.0628,92.5557,90.8728
91.0771,89.78,91.2485,89.75
89.8071,90.5657,90.69,88.9285
90.4285,91.14,92.0243,89.8428
90.7685,89.6928,90.9814,89.6814
89.1443,89.4314,89.9757,89.1114
89.3757,87.9828,89.4085,87.9471
87.7328,86.75,87.8184,86.6385
86.7528,86.6571,87.1214,86.3
86.6157,86.2614,86.6714,86.0085
86.3871,86.3585,86.6285,85.8185
86.37,85.4071,86.7614,85.3328
85.3585,84.09,85.3614,83.6285
84.1171,84.9571,85.2285,84.0057
84.8385,84.6328,85.3428,84.5343
84.8228,84.5714,84.9343,84.3857
84.69,83.9271,84.8085,83.9143
83.6489,83.5057,83.75,82.9043
83.9985,84.0357,84.9157,83.7714
84.6185,85.0357,85.3271,83.9614
84.9157,85.9714,86.3442,84.9157
85.8514,84.3057,85.8571,84.2857
84.6543,84.62,84.8857,84.2443
84.4971,84.5714,84.9714,83.7657
84.2985,84.6628,85.6328,84.2571
84.6185,84.82,85.14,84.2157
84.87,81.8285,85.1071,81.7928
81.7057,80.6471,81.7128,80.5657
81.11,81.1728,81.4285,80.1043
74.9643,75.58,75.8757,74.9214
75.957,75.4728,75.9751,75.2144
75.8814,75.0485,76.02,74.8514
74.9914,74.2857,75.3943,74.1714
74.1443,74.0071,74.4414,73.4479
73.9942,74.3243,74.52,73.0471
74.5257,74.5571,74.5943,73.8871
74.23,74.1428,74.69,73.8771
74.7828,75.8114,76.0343,74.7385
75.76,74.6628,75.7843,74.5743
74.7771,75.0271,75.16,74.1
74.7814,75.4314,75.8428,74.5557
75.9743,77.1157,77.1428,75.7971
76.97,77.3414,77.5,76.8057
77.5071,77.4828,77.64,77.18
77.3785,76.8228,77.41,76.6814
76.6771,77.0328,77.2585,76.5614
76.6943,76.9028,76.9914,76.3214
76.78,77.145,77.3571,76.4457
77.1114,78.0743,78.4285,76.98
77.8557,77.3571,77.9643,77.0843
77.0271,76.9171,77.2143,76.4371
76.1243,75.99,76.25,75.19
75.5285,75.6985,76.0957,75.3357
75.8943,76.0371,76.6057,75.5714
75.9143,75.1285,75.9957,75.0286
75.2485,75.3857,75.71,75.1214
74.9557,75.5414,75.8414,74.7143
75.8071,76.7771,77.0943,75.5943
76.6585,76.3585,76.7643,76
76.5843,76.4928,76.9628,76.0843
75.8457,75.48,76.19,75.477
75.7771,75.87,75.9971,75.15
75.8214,76.1128,76.3485,75.4428
76.0514,75.8457,76.3928,75.59
75.8914,75.8571,76.0914,75.3957
75.3943,74.7743,75.8071,74.6871
75.1771,75.5828,76.1071,74.5885
75.3814,73.8771,75.54,73.7214
73.9071,74.8014,75,73.6571
74.58,75.6257,75.6521,74.4285
75.3643,74.7357,75.7028,74.6314
75.0357,76.1133,76.3671,74.9428
75.8785,76.1414,76.7143,75.5714
76.7671,77.8214,78.1271,76.3357
77.9985,78,78.7414,77.9443
77.7128,77.4957,77.9971,77.3157
77.7757,76.38,77.8357,76.3143
76.56,76.7071,77.08,76.1771
76.5657,75.8014,76.8214,75.6428
75.57,74.0943,75.9985,74
74.24,74.4828,74.7042,73.9114
73.2157,72.8657,73.3571,72.5443
73.2271,72.3657,73.6114,72.3217
72.6843,72.2643,72.78,71.8228
71.6471,71.8014,72.5328,71.3286
71.5143,70.74,71.6471,70.5071
71.3974,71.7914,72.3571,70.9571
71.5357,71.9928,72.4814,71.2314
72.3571,72.68,73.5714,71.7243
78.6428,78.5814,79.2571,77.9643
78.01,79.1428,79.3743,77.8214
79.4543,78.5628,79.5,77.8295
78.7871,78.7021,79.6128,78.2585
78.4385,77.2843,78.5814,77.2028
77.2385,78.7828,78.8671,77.1285
79.1785,79.2714,79.55,78.8114
79.6228,79.0743,80.0285,78.8085
78.0557,76.8885,78.1043,76.8085
76.5328,75.7014,77.5,75.6971
76.1343,77.1185,77.2571,75.8728
76.6455,78.1143,78.1228,76.4786
77.6371,76.9728,77.9371,76.9557
77.1482,77.76,77.9943,76.8464
77.7043,76.7785,78.1143,76.2285
77.2828,78.98,79.1,77.2043
79.0185,79.3828,79.5757,78.8601
80.1457,79.1671,80.1828,79.1428
79.2171,79.6371,80.0128,78.903
80.0128,80.5457,80.63,79.9285
80.5571,81.1571,81.3571,80.4823
81.0957,81.4128,81.6971,80.8614
81.4414,81.1428,81.5314,80.3943
78.4314,77.9185,78.8014,77.831
77.78,78.5,78.5714,77.6757
78.6814,78.5285,78.7785,76.9714
79.2843,79.4014,79.92,79.0535
79.6428,79.2885,80.377,79.2871
79.2043,80.4071,80.4114,79.0957
80.0771,80.306,80.7628,80.0043
80.1943,81,81.5671,79.9557
80.7928,80.5114,81.1257,80.1714
80.9185,80.1286,81.3685,80.1286
80.0028,80.8271,80.9643,79.9385
81.1287,81.8071,82.1622,80.9157
80.7143,80.7857,81.3128,80.1171
80.9031,79.7571,80.9114,79.6685
78.7471,79.7143,80.6185,78.6885
79.4385,78.4971,79.7614,78.2585
77.9943,76.6157,78,76.2
76.2,74.8743,76.5914,74.8571
74.82,74.4314,75.1243,74.4285
74.2571,74.2171,74.5943,74.0757
74.448,73.9428,74.4585,73.3814
73.5714,74.1757,74.3457,73.4757
74.2214,74.1471,74.7685,73.9957
74.0898,74.9985,75.3128,74.0285
74.9987,75.2257,75.5843,74.9271
75.4514,74.6871,75.6114,74.5528
74.3763,74,74.6071,73.8514
74.2871,73.9528,74.8457,73.8571
74.1497,74.2843,74.5243,73.4871
74.3657,73.5114,74.4471,73.2271
73.2131,74.2257,74.7414,73.1971
74.4171,74.8785,74.98,74.0285
75.0641,74.94,75.555,74.7143
75.25,74.4428,75.26,74.1157
74.29,74.86,74.9714,73.6914
74.6717,75,75.3557,74.4671
74.9851,74.23,75.36,73.86
73.8111,76.61,77.0357,73.5057
75.6965,75.5771,75.8571,74.7443
75.1368,75.9021,76.1757,75.0157
75.9871,75,76.0671,74.6357
74.9943,74.1428,75.0957,74.1428
74.2668,75.2007,75.4928,72.5757
74.4803,73.11,74.9,73.0743
72.6985,72.2843,72.7514,72.2443
72.0714,71.4257,72.1114,71.3828
71.5877,71.5414,71.79,71.3186
71.24,71.0721,71.7143,70.7886
70.8628,69.9757,71.0828,69.9071
70.4017,69.57,70.5486,69.3086
69.9483,70.1886,70.34,69.5771
69.5126,69.2343,69.6843,68.3257
68.7057,69.9914,70.0914,68.6486
69.6786,69.5086,70.3786,69.3357
69.0043,69.1228,69.2286,68.3714
69.0586,70.0728,70.3357,68.6769
69.9371,69.3757,70.2571,69.1071
69.7086,68.35,69.8771,68.3401
68.1071,68.1786,68.8086,67.773
68.9643,69.1114,69.2386,68.6743
69.46,69.4286,69.7943,69.1286
68.79,69.8857,69.9486,68.7757
69.8714,70.6971,70.7814,69.6886
70.0914,70.8714,70.9871,68.9428
66.7728,68.2857,68.3643,66.5714
67.4714,67.2428,67.9757,67.0357
66.3828,66.1686,66.6214,65.8086
65.0457,63.9943,65.6728,63.9286
64.3028,65.8571,65.9443,63.8886
66.4143,67.0486,67.4042,66.3857
67.5271,66.9286,67.9143,66.5728
66.8157,66.7157,67.67,66.4014
70.6628,72.3143,72.4928,69.9286
72.31,72.1428,72.56,71.9257
71.1743,71.2057,71.34,69.9928
70.7528,71.4643,71.5257,70.52
71.2416,71.3657,71.7485,70.8971
69.7971,70.4428,71.5143,69.6214
69.6023,70.2857,70.4214,69.5
70.2428,70.2357,70.9286,70.1614
70.128,69.4286,70.8286,69.4286
69.7986,71.1428,71.7871,69.4714
71.8528,71.5357,72.8857,71.5
71.5743,71.8957,71.9071,71.3357
71.8514,72.14,72.2271,71.1714
71.7657,71.9414,72.45,71.6
71.5814,72.8157,72.9385,71.5457
72.5343,72.0485,73.3914,72
71.7614,71.45,71.8485,71.2657
71.13,70.9171,71.7713,69.869
71.2143,71.1257,72.0357,70.4857
69.9386,67.2771,70.6657,66.8643
66.7657,65.2657,66.95,65.2328
64.9214,65.52,65.78,64.8071
65.8586,66.265,66.3,65.4214
66.4257,66.2571,66.7143,65.9671
66.4643,66.86,67.4128,66.0243
67.0643,66.3843,67.2386,66.0214
66.0771,65.43,66.1214,65.2371
65.2394,65.1076,65.2571,64.7514
64.6471,64.9986,65.3346,64.2043
64.76,64.28,65.3071,64.1757
63.97,62.9714,64.2843,62.8857
62.9986,62.1857,63.0057,62.0486
62.6428,62.9571,63.0571,62.2586
62.93,62.7043,63.5128,62.18
59.8557,60.8571,60.9943,59.8157
60.9014,61.3514,61.3928,60.7811
60.7071,61.8714,61.9971,60.6214
61.6797,61.9114,62.1243,61.5157
61.4728,61.3857,61.7457,61.1743
61.4564,60.9314,61.53,60.5957
61.0628,60.7157,61.6371,60.6857
60.93,61.0928,61.3986,60.4871
61.0411,60.4214,61.1786,60.1671
60.1043,59.9428,60.6857,59.75
60.3357,59.0857,60.5,58.6257
59.2928,60.0157,60.1428,58.6643
59.6314,60.0557,60.47,59.3357
60.1143,60.1228,60.4257,59.6357
59.7843,58.5657,60.2328,58.4957
58.46,57.5271,58.8957,57.3171
56.6471,55.9086,57.1814,55.5528
56.2543,57.0357,57.3414,56.22
56.8671,57.7,57.8271,56.5228
57.5186,57.9571,58.2557,56.9757
57.5057,58.2,58.38,56.8643
59.0714,59.7843,60,58.3
59.5483,59.9,60.8543,59.31
60.4286,61.6286,61.6657,60.4286
61.6814,61.6514,62.1286,61.4586
61.7143,61.6343,62.2428,61.4802
61.4357,62.2,62.3271,61.2143
62.2807,61.7857,62.4486,61.25
61.7414,62.7857,63.0357,61.6428
62.5143,62.2486,63.2514,61.9028
62.6986,63.5328,64.1541,62.4
63.1158,62.3571,63.32,61.8243
62.6371,63.6386,63.8571,62.0071
63.5871,63.6643,64.3886,63.3871
64.1871,64.7457,64.9186,63.9128
64.3886,64.39,64.6228,63.2114
64.2478,64.6428,65.3,64.2143
64.5114,63.6643,64.9286,63.5014
63.5643,62.8571,63.9286,62.7714
63.0627,64.2714,64.4443,62.9786
63.5928,62.9786,63.6657,62.9086
63.1628,62.2786,63.7371,62.2557
63.0506,63.4357,64.05,62.6028
62.8086,62.5928,63.64,62.0286
63.2757,61.7014,63.6857,61.4428
61.8943,62.7214,62.87,61.5728
62.0826,60.4628,62.55,59.8428
61.2643,62.7371,63,60.3371
63.4086,64.8357,65.0286,63.1643
64.9628,64.5014,65.4143,64.5
64.71,65.4243,65.6728,64.3543
65.2528,65.6871,66.1428,65.0828
66.2628,65.5771,66.4814,65.1157
65.5226,66.4243,66.5357,64.8143
65.8157,65.1014,66.0286,64.9014
64.2828,64.4728,64.7471,64.1643
63.6457,63.1114,64.0843,62.9471
62.7557,63.4943,63.5614,62.0557
63.2543,62.1571,63.6071,61.7243
61.4457,60.0643,61.9453,60
59.6007,58.5443,59.8241,58.3214
58.34,58.7464,59.1343,58.1428
57.9231,56.22,59.3214,56.0714
58.0186,57.7128,58.3401,56.9728
56.9528,56.0914,57.4571,55.8964
55.79,55.4243,57.0857,55.0143
56.0071,57.8557,57.97,55.6774
57.5428,60.0386,60.0857,56.8728
60.8914,60.2243,60.9443,60.0814
59.9786,61,61.1271,59.9357
61.4,62.0214,62.0214,61.2986
62.0471,61.96,62.57,61.6
62.2414,61.1571,62.4371,60.8586
60.9971,60.9086,61.2143,60.3928
60.8871,60.6928,61.0714,60.3557
60.4571,60.6428,60.7071,59.9543
61.1028,61.9657,62.1428,60.75
61.7128,61.6243,62.4686,61.4728
61.3988,61.0857,62.5914,60.9143
61.2728,63.1286,63.3854,61.1057
63.2371,64.26,64.5456,63.0886
64.5828,65.2086,65.2571,64.39
65.8766,66.4914,66.5485,65.79
66.2257,66.3843,67.1357,65.9686
65.9871,64.94,66.0143,64.73
64.6757,64.3171,65.4257,64.3
64.5828,65.3457,65.3757,64.2271
64.9271,65.6428,65.8528,64.0714
65.1028,63.0643,65.3514,63.0286
63.38,62.5614,63.4614,62.4643
61.7857,61.8328,62.0914,61.4928
61.1928,61.2071,62.0714,60.7657
61.2043,62.2286,62.6971,61.0814
62.5528,61.3928,62.7157,60.7343
61.6743,61.4,62.2043,61.23
61.5117,60.6428,61.7157,60.1514
60.8088,62.0728,62.1786,60.6328
61.592,60.2114,62.17,60.1071
60.0071,61.1143,61.1714,59.8571
61.4957,62.5714,62.5971,61.4257
63.0571,63.4357,63.9814,63.0571
63.51,64.0614,64.6343,62.95
64.1386,63.4028,64.5057,62.5228
63.2571,64.8357,65.0171,63.2243
64.4014,64.1786,64.5143,63.8
63.7228,63.7143,64.1671,63.26
64.1214,65.3843,65.3843,64.1143
65.7128,65.8714,66.1043,64.8357
65.7371,66.9786,67.1657,65.7028
66.6557,66.36,67.3771,66.2886
66.7157,66.7443,67.6628,66.1743
66.8428,68.5014,68.9114,66.8206
68.5614,68.0714,69.2771,67.6071
67.8543,67.7143,68.4014,66.8928
66.8886,66.1786,67.1428,64.8743
65.3357,65.21,66.6428,64.6543
65.4063,63.4357,65.6771,63.1743
63.188,64.8443,65.1343,63.1428
64.8028,65.5871,65.64,64.05
65.07,65.2828,65.6114,64.9971
65.2614,65.2857,66.0857,64.9286
65.4671,65.5,65.7428,64.5886
64.2614,62.5464,64.7443,62.2657
62.84,64.5271,65.1757,62.1428
64.3571,65.7143,66.5328,64.3214
73.4293,72.6871,73.57,72.11
72.11,72.08,72.5543,70.9471
71.4285,71.2166,71.7457,70.9143
71.8114,72.9014,72.9643,71.7185
72.2985,70.6628,72.7771,70.3571
69.4171,71.1857,71.2843,69.0543
71.6785,71.8114,72.5,71.2157
74.3285,74.4285,75.0457,74.1457
74.7871,75.5071,75.5314,73.6457
73.8714,74.6428,75.0007,73.7128
75.0443,75.6014,75.9843,74.4643
74.8428,74.5714,75.6143,73.6
75.2857,76.7093,76.9471,75.1183
77.4422,78.2685,78.5243,77.2857
78.4328,79.1171,79.2857,77.3757
76.0247,72.9328,76.4857,72.7143
72.7984,72.8985,73.4971,72.5885
73.58,73.3628,73.75,72.0943
73.2856,74.1428,74.2085,73.0171
74.3097,74.3357,74.8928,74.1014
74.19,73.21,74.2385,72.8914
74.5329,75.7143,75.7428,74.1257
75.1871,75.9243,76.2428,75.0714
76.2714,75,76.4143,74.3214
74.1185,72.7043,74.2857,71.6043
72.8277,73.5357,74.0188,72.2257
75.67,75.8785,76.8057,75.1143
77,78.2528,78.2857,76.61
77.3411,77.11,78.5085,76.7671
75.6887,75,76.93,74.5114
76.1785,79.0571,79.3143,75.7143
78.1778,75.5628,79.0443,74.09
76.9703,81.2728,81.3214,76.9671
82.2636,83.1143,83.1143,81.7328
83.7414,84.8071,84.9414,83.6428
83.6114,83.8271,84.0571,83.24
84.1943,84.3164,84.8928,83.6071
83.2771,82.4671,83.6857,81.7514
83.54,84.2214,84.3457,82.8714
84.2185,82.2714,84.2857,81.9585
81.6428,81.0243,81.7143,80.3714
80.2428,80.6071,81.0528,79.5143
80.1305,81.7014,81.7071,79.2257
80.8185,77.2443,81.0714,77.1257
75.3825,75.0285,75.7143,72.25
75.0885,76.79,77.0714,74.66
76.6971,77.9285,78.2071,76.5971
77.5568,76.9871,78.64,76.6228
77.5471,79.1643,79.2143,76.95
78.1514,77.2028,79.2685,76.2457
76.8214,80.09,80.3185,76.47
79.7145,81.9764,82.0771,79.3928
83.2642,84.3185,84.3914,82.87
83.5173,83.3593,83.9671,82.5143
82.4,85.1271,85.2785,82.1071
85.22,85.46,86.1428,84.8814
85.0457,84.9828,85.9943,83.9571
86.2857,87.0614,87.7143,84.4285
87.0768,88.5714,88.8571,86.5071
88.1185,88.7771,89.5071,87.2343
87.6222,90.1428,90.5571,87.3857
90.5757,87.4885,90.7685,87.2514
87.12,90.15,90.2528,87.0885
90.3771,91.37,91.7228,90
92.0876,92.6957,93.2557,92
92.8275,90.7671,92.9,90.1428
90.68,90.3357,90.7328,89.1214
89.9591,89.9371,90.7685,89.3285
89.7285,92.3571,92.4571,89.7285
91.5585,91.3914,92.14,91
90.8357,91.2357,91.4985,89.0785
91.1671,92.4114,92.5085,90.8728
93.2271,95.0285,95.1428,93.04
95.2571,95.8928,96.3214,95.0785
95.9214,94.98,95.98,94.6614
94.4728,94.5443,95.1928,92.95
94.1985,95.88,96.6785,93.7857
95.3007,96.9643,97.3014,95.25
97.3314,94.8985,97.4528,94.3357
95.0257,95.5343,96.0985,94.4571
96.22,98.3228,98.9685,96.1428
98.6843,98.1228,99.3028,97.5714
100.0135,100.3443,100.7243,99.9088
99.8143,99.88,100.0085,99.0885
100.3,100.0371,100.57,99.9385
100.2728,99.9828,100.3328,99.4885
99.9687,99.9071,99.9714,99.23
98.7543,98.565,99.5685,98.27
97.5685,96.7671,97.9285,96.3957
95.6843,95.2643,95.7,93.7143
94.37,95.0157,95.7285,93.7857
94.6771,97.2071,97.6128,94.5857
97.2057,96.8643,97.4971,96.5385
96.61,96.1671,96.8985,95.8285
95.7471,96.51,96.6214,95.6571
96.4243,95.1085,96.4485,94.9285
95.0343,95.3214,95.5143,93.8928
94.8383,95.8057,95.9363,94.6933
96.2094,96.4643,96.81,96.0857
96.4,96.4253,96.5857,95.8104
96.5257,97.1414,97.2671,96.22
94.746,94.2157,95.64,93.65
94.6614,95.1585,95.7,94.45
95.5528,93.4885,95.5714,92.5871
93.7231,95.8314,96.4114,92.9043
95.0214,92.8585,95.0214,92.8428
92.5871,91.4285,92.5985,91.2585
90.9057,90.1728,90.9657,90.0714
90.1185,90.1857,90.5714,89.6785
90.2414,90.2671,91.23,90.03
90,89.0557,90,89.0357
88.8143,88.3871,88.8228,88.3857
88.6757,88.2643,88.8185,88.2571
88.5514,88.4843,89.1257,88.1571
88.702,88.9671,89.2857,88.2914
88.9357,88.1843,89.2668,87.8943
87.9571,87.6614,88.2828,87.3657
86.8271,86.12,87.2414,85.75
86.6871,87.9864,88.0571,86.1428
87.2514,86.1757,87.3857,86.1028
85.0043,84.4171,85.6343,83.9743
83.5943,82.1443,83.69,81.6557
82.1257,82.8228,82.9143,81.48
82.1385,82.0657,82.9714,81.4285
85.8457,86.7685,87.0971,85.5014
86.2614,84.9143,86.5571,83.9585
86.3285,87.5757,87.7771,86.2428
87.76,87.3257,87.9071,86.5714
86.6085,86.6557,86.9057,86.2228
86.7057,87.2557,87.3571,86.1643
86.7014,86.4457,87.3743,86.4314
86.4243,86.1357,86.7414,85.7143
85.5571,85.7485,86.21,84.6685
86.3471,86.5885,86.8085,85.3171
86.8871,88.2814,88.5528,86.4728
87.6985,86.4714,87.7,86.3014
86.5543,86.7271,86.92,85.94
87.1343,85.7943,87.7628,85.6643
85.63,84.9828,85.7143,84.8571
84.6457,83.5328,84.7814,83.3714
83.4285,82.5714,83.4285,82.0357
81.2928,81.6671,82,80.8014
82.0714,82.1428,82.3914,81.7028
81.7178,81.6185,82.07,81.0471
81.5378,82.4714,82.8285,81.4814
83.1571,82.72,83.17,82.2028
82.5243,83.6343,84.0314,82.4914
83.6773,84.03,84.1785,82.9714
83.9157,83.3428,84.2857,83.3
83.6828,81.5657,83.9843,81.4814
82.0185,81.5714,82.0885,81.3643
81.6471,81.6057,81.9285,81.0371
81.7371,82.0743,82.64,81.4828
82.3085,82.0657,82.3743,80.9571
81.5957,83.96,84.0714,81.5185
82.9028,81.6571,82.9405,81.2857
81.6743,82.47,82.4743,81.5
81.6371,81.11,81.9785,80.7857
80.4043,80.1814,80.9243,79.7614
80.6128,80.2143,81.0714,78.3571
80.1414,81.3085,81.8071,80.0743
82.5328,82.9628,83.0714,81.6371
82.7385,81.3143,82.8557,80.9371
81.7528,81.5571,82,80.7585
80.3271,80.6557,80.8357,79.7817
80.76,82.2671,82.3571,80.1757
81.5085,79.6428,81.8285,79.0328
79.5671,81.3643,81.9828,78.94
80.1828,76.3571,80.22,76.2928
75.7685,76.28,77.63,74.5971
75.7314,77.9014,78.2143,75.7314
78.0107,79.15,79.5557,77.2914
79.0243,80.2071,80.46,78.8214
79.7457,80.3671,81.0728,79.6571
80.9585,80.7143,82.0671,80.6214
81.5028,82.0828,82.2685,81.2058
81.3114,80.5285,81.9968,80.1214
81.1685,81.3685,81.6428,79.8185
81.3543,80.2143,81.8243,80.1757
80.75,82.44,82.6228,80.7385
83.1171,84.3571,84.4857,82.9
83.7114,82.8914,83.9142,82.6943
83.1614,83.5571,85.2514,83.0328
83.4257,85.4,85.4857,83.2857
86.1428,86.4385,86.5971,85.7857
86.8143,87.7528,87.8128,86.0185
87.1428,87.9478,88.2857,86.5714
80.04,80.3728,81.0985,79.2857
81.6714,81.5157,82.3814,79.5171
81.8543,84.4828,84.9457,81.4885
83.92,85.7457,86.3903,83.5028
86.9057,87.6743,88.6071,86.1014
87.1,82.7057,87.1428,81.7014
82.8757,87.1514,87.1828,82.6071
86.4614,89.1585,89.2428,86.2157
88.9671,89.2857,90.19,88.6428
89.4571,90.8857,90.9814,89.0489
89.7771,91.4185,92,89.4285
90.89,89.4471,91.4057,89.3285
90.5257,89.5685,90.6657,89.0571
89.1871,89.1928,89.4085,88.1428
89.9028,89.6143,90.3157,88.93
88.3757,85.9757,88.3957,85.7685
85.65,86.9671,87.2228,85.42
87.1228,87.54,88.08,86.7471
88.2314,88.34,88.7785,87.1871
87.7828,86.5971,88.04,86.58
86.7114,85.6843,86.7357,85.0371
85.15,85.7843,85.9714,84.9144
85.62,85.3971,86.3571,85.0757
86.0714,86.1057,87.0928,85.9157
86.5657,85.6443,86.7,83.1428
85.8714,85.4814,85.9671,84.15
83.6528,83.5314,84.1714,82.5714
83.6514,85.6585,85.7157,82.65
84.2257,82.5785,84.96,82.2
81.1571,79.6485,81.1685,79.3928
78.8571,78.426,78.8571,78.1428
77.8814,77.7443,78.2485,77.5871
77.4271,76.3843,77.57,76.0171
75.8128,76.6857,76.8257,74.7571
75.7514,74.8085,76.2414,73.7458
76.1657,77.9171,78.2114,75.1428
77.8828,77.7485,78.1143,77.5028
77.7814,78.31,78.3157,76.9671
77.4914,77.3657,78.23,76.5285
76.4871,75.4228,76.4871,75.1214
75.1085,74.4728,75.5,73.7543
74.63,74.2385,74.7,74.0914
73.77,73.5828,73.9756,72.7857
73.2914,73.2971,73.6414,72.7243
73.55,72.4114,73.55,72.0171
71.7314,71.8728,72.5385,71.4714
71.7443,70.2143,72.1271,69.5186
71.0957,73.4657,75.1843,70.9843
72.78,72.0943,72.7943,71.7143
71.8,71.3614,71.9757,71.0128
70.4886,70.1371,71.0886,69.7928
70.4528,68.68,70.9643,68.6514
68.0971,67.2143,68.1128,67.1
66.9757,66.4643,67.1071,66.3687
66.2814,65.4828,66.4257,65.4573
65.6686,65.3286,65.7143,65.08
65.0171,65.1286,65.31,64.8543
65.17,65.4871,65.57,65.0786
65.2114,65.0843,65.4628,64.7243
64.7157,63.6728,64.8428,63.6271
63.8971,63.4771,64.0686,63.3957
63.5186,64.0514,64.1128,63.3057
63.8086,64.92,64.9214,63.39
60.0586,60.7286,60.7286,59.9357
61.0584,60.3814,61.2071,60.3286
60.0428,61.07,61.0714,59.9643
61.1071,61.45,61.6241,60.93
61.3014,60.9943,61.3528,60.9
60.6714,60.6,60.8557,60.4228
59.9728,59.9571,60.0643,59.8086
60.1986,60.3257,60.4143,59.8214
60.3643,60.3828,60.4071,59.9014
60.4628,60.8443,60.8571,60.2143
60.2471,60.7857,61.1071,60.1928
60.3428,59.9671,60.3928,59.8886
59.7186,59.2786,59.7928,58.9528
59.0628,58.5714,59.24,58.4686
58.7471,58.4857,58.9286,58.4286
57.8571,57.6443,58.04,57.6414
57.8743,57.6286,57.95,57.2157
57.52,58.1271,58.3214,57.3343
58.0757,57.5857,58.4414,57.5743
57.6186,57.0986,57.6557,57.0707
56.9357,56.7143,57.0186,56.5857
56.635,56.67,56.7571,56.0014
56.5643,55.3943,56.5857,55.3228
54.6014,54.6386,54.9786,54.3543
54.4314,54.3371,54.8786,54.2243
54.1343,54.7614,54.82,54.0443
54.3128,55.2428,55.34,53.9543
55.5443,56.1428,56.4857,55.3
55.9771,55.9543,56.2714,55.6357
56.2314,56.1214,56.2914,55.8614
55.8086,55.9214,56.5,55.7471
55.5843,55.7043,55.8486,55.2518
55.85,56.0728,56.3757,55.6257
56.1443,56.2128,56.63,55.7697
55.6714,55.69,56.2328,55.5114
55.4186,54.6486,55.5714,54.3928
54.6,54.47,54.6108,54.0428
53.3143,53.6914,54.1186,52.8857
53.7314,53.1928,53.8171,52.9043
51.9386,52.6314,53.0214,51.9028
52.4271,53.5014,53.6914,52.4114
53.7871,53.0028,53.99,52.9914
52.7157,52.9143,53.0971,52.2728
53.5628,54.1314,54.2843,53.5543
53.9157,54.8543,54.94,53.6428
54.9671,55.6071,55.8771,54.9028
55.5471,54.4,55.6428,54.2071
54.18,54.7886,55.0357,54.0286
54.9457,55.23,55.5286,54.3228
55.0314,56.7186,56.7443,54.5928
56.4686,56.71,57.27,56.3186
58.0328,57.4586,58.2857,57.3657
57.1043,57.13,57.1428,56.59
57.1771,57.4328,57.6343,57.0228
57.5814,57.01,57.6286,56.48
56.7728,57.1557,57.2057,56.4443
56.6443,56.7728,57.0714,56.1743
57.8257,57.4886,58.4757,57.2928
57.85,57.5714,58.05,57.5014
57.8128,58.2228,58.4286,57.4128
57.2286,57.3943,57.5071,56.1644
56.8243,57.8614,58.0786,56.7686
57.9671,56.5971,58.0714,56.4857
56.1243,56.8714,57.02,55.8214
56.4728,57.1428,57.1928,56.3157
56.9457,57.3357,58.3456,56.8286
60.32,60.2514,60.6867,59.4271
59.9986,60.2486,60.9571,59.42
60.2857,59.5471,60.2857,59.3243
58.3471,57.8543,58.3471,57.55
57.4557,58.1914,58.4643,57.1628
57.1843,56.0814,57.5971,55.9286
55.5443,54.1557,55.5443,54.03
52.8286,53.6828,53.9628,52.6413
53.91,53.3328,54.9686,53.1149
54.0357,52.5514,54.26,51.4714
53.2143,53.51,54.5428,50.6057
53.5143,54.3386,54.6628,53.3101
54.4743,55.3028,55.5557,54.4543
55.7957,57.4171,57.4586,55.1728
56.7157,57.17,57.6771,56.6443
57.0371,58.39,58.4643,56.8657
57.5957,57.1228,57.7114,55.9
57.7571,57.1828,58.1057,57.1214
57.4028,57.29,58.5457,56.6714
58.8771,59.9486,60.2271,58.8571
59.0643,59.3214,60.4086,58.7414
58.8043,56.7143,59.0328,56.4578
57.2143,56.5057,57.2147,56.4328
56.1371,55.9186,56.2371,55.7
55.6143,55.2886,56.03,55.1086
54.9457,54.5914,55.1728,54.3214
54.2771,53.2857,54.4114,53.1286
53.9257,54.8471,55.1428,53.5743
54.8771,54.6286,55.5157,54.6157
54.8471,55.08,55.0857,54.5714
54.2486,52.4814,54.3328,52.3543
53.4357,53.5343,54,53.1186
54.4328,55.1171,55.3343,54.3886
54.9757,55.7957,56.0114,54.5514
55.7128,55.4643,55.9771,55.1728
55.71,55.4543,55.9286,55.4286
54.7971,53.0243,54.8286,52.9715
53.3886,52.1543,53.6357,52.1428
53.74,53.3528,54.1371,52.9428
53.3714,51.4714,53.3771,51
50.92,52.0728,52.1257,50.7271
50.8614,51.7386,52.4286,50.8571
52.2928,52.9771,53.2357,51.6243
54.3486,54.6157,54.9314,54
54.3543,54.5028,54.7671,53.7228
54.7728,54.2328,54.9957,54.0128
53.8557,54.01,54.2343,53.4614
53.3857,52.9314,53.6357,52.1028
51.9557,53.0214,53.5214,51.7857
53.43,51.6143,53.5157,50.7143
50.4586,51.67,52.5386,50.4314
53.3743,54.3486,54.7857,51.7957
53.91,55.63,55.9028,53.9071
56.0814,55.8543,56.2214,54.6057
55.5586,56.8071,56.8428,55.4786
56.6786,56.8257,57.0714,56.0528
55.7828,55.3771,56.45,54.8571
55.9743,55.9457,56.7128,55.4471
56.0843,57.2271,57.52,56.0214
57.63,57.1428,57.7857,57.0971
56.9286,55.7643,57.1428,55.66
56.1857,55.4743,56.4357,55.3928
55.3271,55.2786,55.7228,54.8428
55.2714,56.5886,56.61,55.1428
53.8357,54,54.0928,53.3314
53.4,52.2043,53.5214,52.1828
52.1314,51.5957,52.1428,51.31
51.11,51.5728,51.6586,50.9057
51.1457,51.19,51.4286,50.9114
50.5357,50.5043,51.0971,49.8028
50.5714,50.9057,51.3957,50.4028
51.3871,50.4771,51.4286,50.3143
51.0286,50.6671,51.1428,50.5714
50.2514,49.85,50.5857,49.53
49.9186,49,49.9757,48.9286
49.0371,47.9928,49.0714,47.7428
47.9528,47.8143,48.0186,47.5486
47.72,48.0057,48.0528,47.4114
47.8943,47.6643,48.1,47.6343
47.4343,46.7986,47.7,46.75
46.6214,47.3386,47.5928,46.4414
47.3186,45.5628,47.3843,45.4457
46.0871,46.4514,46.9857,46.0543
46.4714,45.24,46.5428,45.0286
45.0457,45.3364,45.3857,44.3571
45.7514,46.9986,47.0357,45.6228
46.4514,46.7,46.9544,45.4757
46.6786,47.1071,47.1857,46.4114
47.4914,47.1428,47.6071,47.0443
46.6571,46.7428,46.9014,46.4386
46.5571,47.2214,47.38,46.5014
47.3557,47.6071,47.6671,47.25
47.4628,47.3971,47.8286,47.2357
47.4343,48.31,48.3171,47.4143
48.2914,49.3857,49.5786,48.2586
49.0628,49.0257,49.3328,48.8586
49.4431,49.5,49.7114,49.1857
49.3586,49.8386,50.3046,49.2357
49.69,48.7286,49.69,48.7143
48.2014,47.8286,48.2328,47.7586
47.8571,47.9957,48.1271,47.7764
48.1114,47.6328,48.3657,47.55
47.4557,47.9286,47.9856,47.3343
47.7714,47.1386,47.9971,47.06
47.8886,48.5086,48.7071,47.86
48.6471,48.8686,48.9163,48.3814
48.5528,48.0671,48.7214,48
48.02,47.4286,48.02,47.2471
47.6143,48.4571,48.7457,47.5143
48.6428,49.38,49.4643,48.6214
49.51,49.4457,49.5886,48.8957
49.6043,49.86,50,49.32
49.9214,49.8414,49.9557,49.5228
49.6571,49.6943,49.8857,49.5039
49.5228,49.9557,50,49.4586
49.5357,49.7714,50.1357,49.4357
49.9386,49.7514,50.2614,49.5543
49.7428,49.7128,49.9843,49.3743
49.4686,49.9628,50.067,49.3571
50.0186,49.54,50.5643,49.5237
49.5357,49.4557,49.9643,49.36
50.0214,50.32,50.3357,49.5857
50.06,50.5171,50.7128,49.9071
50.4298,50.0486,50.5357,50.0428
50.0994,50.7143,50.7328,49.7886
48.9157,49.0728,49.3928,48.7857
48.2657,47.5857,48.2828,47.3871
47.4071,46.5857,47.4614,45.7371
46.78,47.6143,47.6628,46.6857
47.4886,47.8286,48,47.4371
48.0186,47.86,48.02,47.5028
47.4857,47.2128,47.6757,47.1714
47.2571,47.7228,47.9528,47.1457
47.8657,48.56,48.5928,47.7071
48.2971,48.3,48.6328,48.0043
48.2914,48.7457,49.1286,48.1628
48.4128,48.1414,48.8928,48
48.7414,49.1871,49.2286,48.3428
49.2228,50.1586,50.2267,49.0428
49.7868,49.48,49.9714,49.4371
49.8043,50.0914,50.1257,49.6343
50.1371,49.6657,50.1371,49.4371
50.0628,50.45,50.6171,50.0628
50.22,49.7243,50.2943,49.5743
49.2814,48.8357,49.4286,48.4086
48.4557,48.4686,48.6028,47.9928
48.7428,48.9371,48.9457,48.4486
48.4714,47.9986,48.5343,47.8943
47.2386,48.1614,48.3143,47.1428
47.8057,48.1186,48.5157,47.2371
47.1443,48.8571,49,46.6086
49.3471,48.8714,49.6914,48.5857
50.5086,50.4543,50.9263,50.1871
50.2843,49.3328,50.3314,49.2857
49.5243,49.8743,49.9671,49.2714
50.3528,50.67,50.68,50.0857
50.8228,50.7014,51.0571,50.3214
50.7657,51.6286,51.6671,50.1871
51.4286,51.4386,51.47,51.1071
51.3657,51.0271,51.3986,50.8457
50.3028,49.9943,50.6214,49.7714
49.9014,50.7814,50.8171,49.6687
50.4586,50.1771,50.7214,50.16
49.7371,49.3228,49.7757,49.2571
48.9828,49.1457,49.3071,48.3386
48.9457,48.3957,49.2343,48.3728
48.3728,48.8786,49.3428,48.2457
50.08,51.2443,51.3571,49.9314
51.1857,51.0357,51.4671,50.9314
51.8757,51.5428,52.1286,51.5
51.4143,51.3128,51.4243,51.0786
51.3114,50.97,51.3543,50.9586
50.9786,50.6789,51.1143,50.5057
50.6486,51.0557,51.4286,49.7143
51.1657,50.7414,51.2857,50.6957
50.7428,50.5257,50.7886,50.3071
50.2686,49.6986,50.4643,49.6628
49.5,49.0914,49.5286,49.0728
49.0628,49.1143,49.1771,48.3643
49.1886,49.2071,49.3214,49.0786
49.29,48.7571,49.3786,48.7114
48.4743,47.9714,48.5771,47.7571
48.0143,49.1671,49.2,47.6468
49.03,49.1114,49.2418,48.9758
49.1214,48.9943,49.3714,48.7857
48.7714,48.0471,48.7771,47.7957
48.2071,46.6957,48.2071,46.6743
46.6743,47.6814,47.84,46.6614
47.5257,48.0614,48.3286,47.16
48.4057,49.7643,49.8,48.1257
48.6643,47.0743,49.2518,46.5714
49.7828,49.4128,49.7828,49.2057
49.3828,49.3086,49.52,49.1214
49.2028,49.0357,49.2043,48.8571
48.8057,49.2686,49.28,48.4957
48.9221,48.4043,49.0328,48.1671
48.0171,47.7128,48.05,47.4143
47.6757,47.817,47.8928,47.5571
47.7143,47.0786,47.7628,47.0714
47.3271,47.4914,47.5,46.8786
47.0814,46.52,47.18,46.4052
46.08,46.1357,46.2114,45.9014
46.2371,46.4971,46.5014,46.15
46.47,46.6028,46.6357,46.4428
46.4957,46.5586,46.6657,46.4371
46.3828,46.1217,46.4914,45.9314
46.2286,46.4286,46.45,46.1671
46.4514,46.3371,46.5314,46.2214
46.315,46.1428,46.3414,46.0071
46.03,45.9428,46.1786,45.4614
45.8014,45.9471,45.97,45.7471
45.8928,45.87,46.0871,45.7286
45.7657,45.7143,46.1428,45.5986
45.7557,45.9614,46.0771,45.5714
45.9528,46.3386,46.4371,45.8571
45.7943,45.6643,45.8643,45.5143
45.6796,46.0188,46.0714,45.5743
45.8586,45.6614,45.86,45.3014
45.4586,46.2571,46.2843,45.4457
45.7357,45.52,46.0471,45.4886
45.3486,45.2871,45.5214,45.1914
45.45,45.3614,45.5714,44.9843
45.2,45.0386,45.3928,45
44.45,44.7914,44.9086,44.41
45.2671,45.0714,45.3543,44.4828
45,44.82,45.3857,44.7057
44.9707,44.5714,45.0571,44.5357
44.1043,44.35,44.5357,43.7943
44.7657,43.8114,44.7657,43.6957
43.8186,43.9957,44.0571,43.6057
44.0614,43.6,44.2386,43.5271
42.9286,43.0286,43.4271,42.5371
43.0843,43.6743,43.9428,42.76
43.8621,44.0657,44.3628,43.7528
44.0043,45.1428,45.2143,43.3757
45.2364,45,45.4857,44.8928
45.4328,45.2343,45.5386,44.7928
45.1543,45.8643,45.9,44.9286
45.5171,45.3143,45.6814,45.2514
45.3043,45.4271,45.6528,45.25
45.4671,45.0643,45.74,45.0043
44.6857,44.4814,44.6971,44.0757
44.1943,43.8571,44.3128,43.8571
43.4543,43.1743,43.6571,43.1714
42.9971,43.4614,43.6971,42.9814
43.6057,43.9928,44,42.9857
43.9757,43.95,44.2714,43.6571
44.0071,43.8386,44.2486,43.6643
44.12,44.1557,44.5143,44.0628
43.9243,44.1528,44.2914,43.7571
44.2171,44.6228,44.9628,43.8286
44.3614,44.1428,44.8928,43.8386
44.2128,43.3428,44.8243,42.86
45.4286,45.4957,45.5714,44.8986
44.9628,43.92,45,43.5586
43.1871,43.0986,43.21,42.9143
42.8771,42.8857,43.1371,42.8286
42.6486,42.2014,42.7857,41.7843
42.1943,42.1057,42.4628,42.0857
42.01,41.6733,42.0714,41.4286
41.3171,41.4766,41.4971,40.9871
41.3128,41.37,41.7128,40.7514
41.2771,40.2857,41.35,40.2601
39.8057,40.2286,40.4143,39.6814
40.36,40.878,40.94,40.1928
40.5357,41.2857,41.4286,40.1786
41.0528,41.0328,41.4014,40.8571
40.98,41.6814,41.6814,39.2857
41.5948,41.9964,42.1043,41.5728
41.76,41.7286,41.9328,41.5071
41.2743,40.9043,41.8228,40.8571
41.1071,40.3871,41.14,40.3443
40.5386,40.5514,41.05,40.3986
40.4614,39.44,40.54,39.4071
39.3386,39.67,39.7086,39.0971
39.51,38.6057,39.5243,38.5
38.6028,38.31,38.6257,38.2628
38.2943,38.03,38.4528,37.9314
38.1486,37.9743,38.3257,37.9657
37.63,37.5986,37.7857,37.3428
37.5814,37.8628,38.0743,37.56
37.56,37.1114,37.77,37.0143
36.83,36.6628,37.0757,36.6071
36.9671,36.4414,36.9686,36.3571
36.0243,35.8946,36.0243,35.51
35.7614,35.3528,35.9228,35.1828
34.7286,34.55,34.9371,34.3357
34.6428,34.3943,35.1071,34.3829
34.5171,34.5357,34.6586,33.6514
34.3257,35.0643,35.1071,34.3254
34.6986,34.0057,34.8557,33.8857
34.2757,34.6671,34.7143,34.0928
35.1143,35.97,36,35.0357
35.6628,35.6271,36.2743,35.5714
35.6971,36.12,36.2114,35.5257
36.1528,36.0514,36.3814,35.94
35.9957,35.7257,36.3757,35.6
35.3771,35.3686,35.7157,35.2314
35.5857,35.95,35.9828,35.5843
35.97,35.2414,36.1571,35.16
35.7414,36.4857,36.5271,35.6871
37.0586,37.1214,37.2071,36.7928
37.3928,37.3543,37.45,37.0814
37.1558,37.1114,37.3557,36.8043
37.3857,37.39,37.5971,37.2214
37.5686,37.5486,37.7543,37.1873
37.4186,37.2871,37.6086,37.06
37.4071,37.2057,37.5128,37.0886
36.75,36.5561,37.1,36.4143
36.8728,37.2443,37.5214,36.5857
37.28,37.6671,37.9986,37.1786
37.7257,37.2671,37.8286,37.1857
37.04,37.1428,37.1571,36.8157
37.1343,36.7271,37.1971,36.6114
37.0034,36.8114,37.1428,36.4728
36.32,37.87,37.8786,36.2857
35.9843,34.7,36.1286,34.2871
35.0828,35.6971,35.6971,34.2286
35.7,36.1686,36.4243,35.4871
35.9214,35.4614,36.71,35.3286
36.1038,35.6257,36.5428,35.5714
35.9711,36.6171,36.6286,35.2043
36.755,36.9328,37.4071,36.4086
37.0886,36.6986,37.1286,36.4514
36.87,37.4971,37.5571,36.4128
36.9521,35.7843,36.9671,35.6786
35.5186,35.8571,36.1143,35.1657
35.2771,35.7843,35.8471,34.7428
35.4971,36.3286,36.4,34.7457
35.9328,36.6728,36.8528,35.7157
36.5957,37.7316,37.77,36.3286
38.3286,38.1328,38.5357,37.7886
38.1,38.58,38.61,37.9728
38.4286,38.7143,39.0278,38.3
38.71,39.2257,39.2371,38.2714
39.1214,38.88,39.4243,38.7857
38.5957,39.67,39.8586,38.39
39.1534,38.8928,39.2857,38.7743
38.8386,38.6571,38.9857,38.5
38.1786,37.3,38.25,37.2329
37.0986,36.52,37.1214,36.5
36.3257,36.5657,37.0214,36.2871
36.2157,35.4607,36.2657,35.3386
35.7871,34.9771,35.8543,34.6
34.7428,35.9243,35.9857,34.6414
35.6186,36.1771,36.2571,35.0928
35.8486,36.8986,37.0214,35.7928
36.5664,36.8871,37.4143,36.3757
37.5886,37.8828,37.9357,37.2014
37.7071,37.7914,37.8286,37.1907
37.2614,37.0986,37.9914,36.9943
36.6971,37.0554,37.0571,36.1928
36.1928,35.8,36.27,35.5871
34.8727,35.7257,36.0186,34.8214
35.0314,34.1928,35.2514,33.88
35.2514,35.3257,35.8428,35.18
34.6171,33.26,34.9286,33.05
33.9657,34.5543,34.8357,33.7443
35.4771,35.6428,36.1314,34.9786
36.0514,36.7114,36.9357,35.7514
36.3171,36.3857,36.5971,35.3871
36.26,36.4521,36.64,35.6428
36.9086,37.6028,37.8571,36.6286
37.4414,37.035,37.59,36.9571
36.6457,35.9771,37.1271,35.7857
36.2843,35.75,36.3786,35.5043
33.6943,34.8157,35.2243,32.1728
35.1786,36.2614,36.8928,28.4643
36.5693,36.1471,36.8771,35.5328
36.9543,37.5557,37.6128,36.6786
38.05,37.6914,38.2686,37.5543
37.2986,38.4728,38.6528,37.2857
38.3771,37.5743,38.5714,37.43
37.3714,37.6071,37.7143,36.63
37.4343,38.1814,38.2628,37.2171
38.5,38.84,38.9228,38.3128
38.69,38.2843,38.8828,38.1428
38.0671,36.8914,38.1071,36.6
37.0314,36.9721,37.1786,36.5328
34.9414,35.5057,35.6071,34.7078
35.2957,35.29,35.4128,34.5386
35.3428,35.51,35.8771,34.9357
35.56,35.1114,35.5757,35.0728
35.0986,35.04,35.1157,34.8671
34.6328,34.5514,34.6857,34.4443
34.6128,34.6,34.7243,34.5443
34.5414,34.49,34.5557,34.3514
34.2786,34.3486,34.5057,34.0057
34.3714,34.2457,34.56,34.0943
34.22,34.0286,34.32,33.8571
34.07,33.5678,34.0728,33.5386
33.71,33.9271,34.1043,33.25
33.5714,33.6414,33.8014,33.4943
33.6921,33.8004,33.9257,33.4643
33.1986,33.2857,33.41,33.0886
32.9857,32.7071,33.1357,32.65
32.3786,32.9886,32.9957,32.3214
32.7671,32.52,32.8857,32.5014
32.6228,32.2343,32.6828,32.0143
32.1071,31.4957,32.2857,31.45
31.75,32.1128,32.1771,31.6043
32.0928,32.0143,32.1428,31.8014
32.0171,32.1286,32.35,31.8957
32.0643,32.0257,32.14,31.7871
31.9771,32.1971,32.2143,31.4643
32.3714,32.4814,32.5328,32.25
32.2143,31.9871,32.2143,31.9028
32.12,31.9757,32.2114,31.8857
31.86,31.1871,32.1428,31.1271
31.2971,31.43,31.4414,31.1786
31.2786,30.7057,31.3857,30.6614
30.1014,29.8971,30.1314,29.8043
29.9043,29.8486,29.9814,29.7057
29.8357,29.99,30.1186,29.6771
29.8557,29.3928,29.9286,29.35
29.2314,28.9114,29.31,28.8571
28.8571,28.1971,28.98,28.1271
28.6651,28.3186,28.7771,28.2628
28.1513,28.5714,28.7614,27.9586
28.6308,28.9057,28.9286,28.4557
28.81,28.8371,29.0286,28.73
28.9897,28.8043,29.1271,28.7028
28.9357,29.17,29.1871,28.6943
29.0571,28.8486,29.0986,28.7886
28.6257,28.3014,28.8057,27.9286
28.3814,27.84,28.5357,27.7228
27.8737,27.9843,28.0857,27.7514
28.0271,28.06,28.2143,27.8214
27.7314,27.9557,28.2686,27.7143
27.9228,27.5178,28,27.2643
27.4357,28.1043,28.3386,27.3671
28.4614,27.8814,28.6,27.7743
27.98,27.9871,28.0457,27.6257
27.8186,27.4814,28,27.3286
27.4376,28.7257,28.8857,27.1786
28.47,29.2757,29.3571,28.3857
29.6977,29.55,30.0828,28.5044
29.42,29.4214,30.53,28.94
29.0107,28.93,29.2428,28.5986
28.25,29.54,29.6428,28.1657
29.7246,30.2971,30.4734,29.6014
30.2464,30.7014,30.7928,29.9286
30.72,29.7614,30.7414,29.6057
29.4186,30.1328,30.2286,29.41
29.9186,30.0157,30.0657,29.86
30.0928,29.6957,30.1328,29.1571
29.6743,29.8843,29.9671,29.4886
30.0157,30.4,30.4286,29.7786
30.2828,30.0428,30.2857,29.8657
30.0828,30.25,30.2857,29.8643
30.1386,30.6257,30.7471,30.1071
30.6257,30.6571,30.7986,30.4643
30.5728,30.49,30.6428,30.34
30.1046,30.4471,30.4786,30.08
30.2343,29.8328,30.2857,29.7586
29.8714,30.3757,30.3886,29.8186
30.23,30.2457,30.5643,29.9444
29.8628,29.0786,29.9071,29.05
28.8714,28.75,28.9114,28.6871
28.6228,28.4914,28.6928,28.38
28.3186,28.0071,28.5357,27.9528
27.9186,27.5957,27.929,27.5143
27.4086,27.7514,27.8571,27.2857
27.8614,27.8714,28.0714,27.7928
27.7386,27.9757,28.2157,27.61
28.14,27.91,28.2043,27.5086
27.81,28.2543,28.2857,27.6328
28.0614,28.5,28.5286,28.0171
28.2571,27.3257,28.3086,27.1871
27.1243,27.0514,27.4786,26.9571
26.9928,27.6171,27.6814,26.9543
27.6171,28.5286,28.5543,27.1828
28.0686,28.2028,28.4257,28.0386
28.0328,28.4228,28.7743,27.9643
28.1386,28.8914,28.9671,28.1186
28.5586,28.73,28.8114,28.3957
28.6557,28.46,28.9943,28.3386
29.17,29.3428,29.3786,29.1086
29.2057,29.3328,29.4114,28.9857
29.4114,29,29.4286,28.9928
28.56,28.45,28.6271,28.2514
28.6443,29.23,29.23,28.5428
29.4228,29.5057,29.5714,29.1428
29.5714,29.44,29.6343,29.2857
29.5186,29.3543,29.7143,29.2871
29.2071,28.9814,29.2614,28.8671
28.8557,29.02,29.2671,28.7757
29.0357,29.2228,29.2857,28.8328
28.9971,28.7171,29.2828,28.7157
28.78,28.1343,28.8428,28.0371
27.7628,27.5014,27.8843,27.4857
27.7186,27.4857,27.8571,27.4028
27.2586,27.2471,27.6928,27.1757
26.9643,26.8357,27.0743,26.56
27.0443,27.1143,27.5543,26.51
26.9286,28.008,28.1143,26.5809
28.05,27.8571,28.1157,27.4486
27.4857,28.2443,28.2886,27.3
28.1957,28.8086,28.9728,28.0643
28.9257,29.0957,29.5357,28.5857
29.1343,29.3857,29.4,29.0328
29.3143,29.2428,29.6928,28.93
29.2743,28.5028,29.8157,28.4614
28.3943,28.6571,28.8214,28.2643
27.1228,26.8357,27.1428,26.5071
26.8643,27.05,27.1943,26.8343
27.2228,27.09,27.2743,27.0757
27.3271,27.4643,27.4743,27.1757
27.1457,27.2328,27.31,27.1
27.2586,27.2886,27.3586,27.0914
27.21,26.9957,27.2428,26.9457
27.0386,27.2371,27.35,26.9843
27.1786,27.1086,27.2214,27.0046
27.1443,26.82,27.1443,26.7571
26.5748,26.6,26.6943,26.3243
26.4143,25.9157,26.5628,25.9071
25.8371,26.4786,26.6028,25.8143
26.4786,26.59,26.6357,26.0875
26.4828,26.6757,26.7714,26.33
26.5931,26.2671,26.6686,26.19
26.0528,26.0014,26.5,25.92
26.26,26.7428,26.8143,26.11
26.5,26.4857,26.9857,26.4328
26.3543,26.4557,26.4828,26.1214
26.2886,26.3271,26.4514,25.9457
26.4314,26.5471,26.65,26.3943
26.3643,25.9971,26.6843,25.9957
25.9814,25.4271,26.1071,25.4114
25.0228,24.8628,25.0928,24.7986
24.8171,24.4043,24.8428,24.3214
24.5943,24.7014,24.74,24.41
24.6514,24.58,24.75,24.4014
24.4486,24.6828,24.9243,24.2428
24.7043,24.7114,24.7343,24.5714
24.33,23.8966,24.3857,23.87
23.7929,23.7771,23.8714,23.5714
23.5971,23.5171,23.9443,23.4443
23.614,23.9986,24.2857,23.5629
24.03,24.0228,24.1214,23.7857
24.2928,24.61,24.6414,24.0757
24.2071,24.1071,24.2243,23.5471
23.9157,24.1314,24.2214,23.8228
24.2,24.2086,24.42,24.1614
24.1514,24.3028,24.3871,24.0386
24.1743,23.95,24.1957,23.8286
23.7614,23.5686,23.8171,23.5157
23.5143,23.25,23.6143,23.2071
23.4286,23.09,23.4629,23.0586
22.7986,23.3643,23.37,22.7743
23.8257,23.9914,24.0324,23.6471
24.06,23.8071,24.0957,23.7857
23.6157,23.2214,23.8157,23.2086
23.2614,23.3843,23.4829,23.1257
23.5314,23.6657,23.8,23.38
23.6443,23.6414,23.8,23.5429
23.4157,23.6543,23.7871,23.2986
23.5871,23.6786,23.9128,23.4586
23.65,23.5614,23.6529,23.4586
23.7757,23.6014,23.8057,23.5529
23.3414,23.284,23.5714,23.2729
23.2557,23.1,23.5314,23.0714
22.8614,22.7,22.9214,22.6071
22.8571,22.6971,22.8721,22.5143
22.8714,22.8814,22.9829,22.4657
22.8551,22.4214,22.8571,22.3571
22.5457,22.3757,22.6343,22.2229
22.3914,22.5414,22.6757,22.3014
21.6443,21.8986,21.9186,21.3929
21.8441,21.8957,22.148,21.5557
21.6786,21.2971,21.7171,21.2329
21.0743,20.8229,21.1457,20.7957
20.9829,20.72,21,20.6171
20.3243,20.29,20.4543,20.1659
20.3343,19.9343,20.3343,19.6471
19.7886,19.4771,19.8529,19.4743
19.48,19.68,19.7129,19.4186
19.6029,19.4171,19.72,19.2029
19.3429,19.7829,19.9543,19.3114
19.8014,19.8143,19.8557,19.4643
20.0029,20.1786,20.4043,19.97
20.4043,20.5,20.6657,20.36
20.3471,20.3686,20.5429,20.2571
20.2814,20.4943,20.5643,20.22
20.3486,19.97,20.5086,19.9629
19.98,19.3929,20.0286,19.3157
19.46,19.3457,19.6429,19.2657
19.1443,19.4857,19.5643,18.9829
19.6243,20.0957,20.2229,19.4757
19.9257,19.7243,19.9286,19.5571
19.4114,19.4443,19.7143,19.37
19.3686,19.5243,19.6357,19.2186
19.4786,19.5229,19.7814,19.4429
19.4414,19.43,19.5614,19.27
19.5671,19.83,19.8714,19.4343
19.9929,19.9357,20.2229,19.7929
20.0357,20.3257,20.3357,19.7571
20.3886,20.5443,20.6514,20.0786
20.55,20.5457,20.6043,19.9186
20.6671,20.7586,20.9143,20.4586
20.5343,20.0186,20.5971,20.0057
20.1357,20,20.1586,19.8671
19.9271,19.8557,20.1914,19.7643
19.9071,19.4957,19.9986,19.4286
19.4014,19.3414,19.4143,19.1214
19.2957,19.0643,19.3414,18.8614
19.0071,18.8257,19.2829,18.7014
18.6829,17.8229,18.69,17.7929
17.5,17.7214,17.74,17.3929
17.74,17.8786,18.1114,17.5557
17.9814,18.2329,18.4586,17.9
18.2071,18.1171,18.4729,17.9629
18.0929,17.6757,18.1,17.3671
17.4886,17.4743,17.8029,17.3729
17.5643,17.1114,17.6471,17.1
17.07,17.6014,17.7171,17.0543
17.7743,18.5086,18.53,17.6071
18.51,18.1957,18.7086,18.16
18.4557,18.4343,18.7477,18.0371
18.4371,18.9043,18.9129,18.2714
18.9286,19.0471,19.0714,18.6029
18.9586,18.8214,18.98,18.7314
18.8671,18.32,18.8929,18.24
18.1771,17.9714,18.2786,17.9714
17.9757,18.0314,18.1429,17.8457
17.8771,17.8357,18.1214,17.69
17.7003,17.6214,18.03,17.6086
17.8186,17.5571,17.8571,17.5229
17.7,17.8057,17.8771,17.5671
17.9143,18.0886,18.1714,17.6443
17.3586,17.5186,17.9071,17.3143
17.3943,16.9843,17.4486,16.9429
17.2143,17.39,17.57,17.0229
17.6314,17.3114,17.75,17.1786
17.35,17.0271,17.5929,16.97
16.8057,16.7429,16.8929,16.5371
16.9014,17.0814,17.1671,16.75
17.1743,17.1443,17.2829,17
17.0814,16.9171,17.1429,16.8514
16.6171,16.49,16.6843,16.3686
16.4286,16.6471,16.6671,16.3129
16.9214,16.42,16.9643,16.1829
16.57,16.3129,16.59,16.2171
16.1014,15.735,16.3929,15.6829
15.5271,14.87,15.5714,14.8414
15.0171,15.0643,15.35,15
14.9271,14.93,15.0014,14.6586
15.2643,15.4614,15.5043,15.2
15.6957,15.4043,15.7114,15.3686
15.2129,15.3686,15.48,14.8371
15.2144,15.1943,15.6343,15.0553
15.38,14.6729,15.4514,14.5357
14.5129,14.5843,14.73,14.3671
14.5171,14.55,14.7429,14.3214
14.5029,14.2729,14.7829,14.2457
14.2371,13.6057,14.2414,13.5814
13.6314,13.79,13.9129,13.4543
13.7043,13.7571,13.8857,13.5729
13.7643,13.2714,13.7971,13.1429
13.24,12.83,13.4386,12.7971
12.6611,12.1243,12.7386,12.0514
11.8729,12.0257,12.5143,11.7957
12.1857,12.62,12.6286,11.7614
12.6914,12.9229,13.1243,12.6357
13.0243,12.8829,13.2529,12.7786
12.6243,12.7043,12.9629,12.5543
12.5629,12.5886,13.0286,12.5243
12.7586,12.5614,13.0429,12.5243
12.7414,13.1429,13.2743,12.7086
13.0229,12.8371,13.2743,12.75
12.8929,12.4926,12.9843,12.4286
12.4214,13.0929,13.1429,12.3586
13.0286,12.7714,13.2,12.7143
12.9486,13.3386,13.4643,12.8729
13.4814,13.5786,13.6929,13.2457
13.5043,13.8386,13.8629,13.4686
14.1657,14.1414,14.2771,14.0171
14.1814,13.69,14.25,13.69
13.8314,13.7671,14.0443,13.6814
13.9757,14.4757,14.6443,13.8657
14.6443,14.2857,14.7143,14.2143
14.2457,13.86,14.2857,13.8571
13.78,13.2529,13.8929,13.2314
13.3643,13.3171,13.75,13.3
13.2829,13.1314,13.34,12.8971
13.0729,12.7286,13.1429,12.7
12.8757,13.2286,13.3743,12.8586
13.2857,13.2986,13.4771,13.2286
13.4571,13.16,13.5714,13.0714
12.9614,12.8843,13.0786,12.82
12.8057,12.6943,12.9957,12.6143
12.6229,12.4029,12.8386,12.3571
12.6229,12.5771,12.8571,12.26
11.8329,11.3414,11.84,11.33
11.1714,11.7043,11.7143,11.1714
11.7614,12.0429,12.0543,11.4857
11.9114,11.51,12.0171,11.4357
12.19,12.32,12.4643,12.1029
12.53,12.6057,12.82,12.3357
12.6657,12.9229,12.9986,12.5071
12.94,13.3157,13.34,12.8771
13.2429,12.9186,13.3071,12.8629
13.0014,13.1157,13.2143,12.8943
13.2886,13.7071,13.8814,13.1986
13.5114,13.31,13.74,13.2443
12.9643,12.2686,13.0057,12.1657
12.1929,12.2814,12.5343,12.1914
12.3271,12.4886,12.5786,12.1029
12.3729,12.36,12.5171,12.1529
12.2586,12.3771,12.4886,12.1771
12.1486,12.3057,12.3214,12.0786
12.34,12.41,12.5529,12.2714
12.2486,12.86,12.8614,12.0986
12.8571,12.8486,12.9914,12.6857
12.7757,12.7586,12.9757,12.6343
12.7371,13.0043,13.0143,12.5743
13.6329,13.4257,13.7829,13.25
13.5357,13.7129,13.7443,13.2857
14.0386,13.2571,14.1429,13.2186
13.5714,13.9071,14.4629,13.5471
14.03,13.9814,14.2129,13.7857
14.2943,14.0057,14.8,13.8871
14.2457,13.8971,14.4,13.6857
13.4286,12.9071,13.4986,12.6943
13.0586,13.49,13.6014,12.7229
13.7,12.7714,13.7471,12.6857
13.21,12.8614,13.2357,12.3571
12.7043,13.0429,13.1814,12.7033
13.2386,13.5286,13.5371,13.1229
13.5714,12.8457,13.6071,12.8357
12.9714,13.5186,13.53,12.5943
13.2786,12.1729,13.5414,12.12
11.7971,11.7043,12.0171,11.3057
11.4986,12.1771,12.35,11.4286
12.3271,12.7771,13.0829,12.3157
12.8443,12.8057,12.9986,12.4086
12.5914,12.64,12.9357,12.4657
12.8914,13.3943,13.4271,12.8571
13.7771,12.8386,13.7771,12.2886
12.8743,13.2043,13.32,12.8586
13.5386,13.5443,13.8814,13.18
13.6971,14.31,14.3429,13.5
14.0343,14.1771,14.2643,13.6743
14.1571,14.4357,14.6829,14
14.7571,15.5586,15.6743,14.7129
15.8557,15.7129,15.97,15.2386
15.28,15.1329,15.5857,14.98
15.37,15.3429,15.8257,15.02
15.8629,15.4614,16.0271,15.3729
14.9357,14.4086,15.6486,14.2771
14.2729,13.6329,14.3571,13.1957
13.1557,13.5814,13.9471,13.1229
13.7686,12.9043,13.9857,12.8729
14.0329,13.7871,14.1786,13.1286
13.8386,13.91,14.4643,13.2757
13.07,13.85,13.9857,13.0229
14.0629,14.2543,14.29,13.3771
13.9143,14.2286,14.5771,12.2693
14.5557,14.2529,14.7757,13.1057
13.9929,14.8343,15.2857,13.9843
14.8686,16.6086,16.6286,14.7343
15.7514,14.9357,15.79,14.4314
13.8286,12.2429,14.2857,12.1429
12.6771,13.3357,13.6857,12.3714
12.8271,12.2733,13.7614,12.24
12.7371,14.3543,14.5,12.7071
14.02,13.1371,14.1114,12.5057
13.8671,14.8571,15.2143,13.5214
14.3,15.43,15.5414,14.2857
15.5886,15.9886,16.0514,15.3414
16.2371,15.4643,16.4286,15.1857
15.0371,17.0886,17.0971,14.37
18.32,17.8443,18.5429,17.5714
18.8471,18.5429,19.2557,18.36
18.3871,18.1814,18.7071,17.8786
18.12,18.8357,19.4,18.0943
18.7214,19.9914,20.0357,18.6657
20.13,20.3714,20.6,19.4729
19.1557,18.6529,20,17.24
18.2614,19.7843,19.7871,18.2614
19.9829,19.1229,20.3571,18.8786
20.0514,20.29,21.0986,20.0514
21.2771,21.5586,21.5586,20.9286
21.8071,21.1686,21.8557,20.8571
21.6586,21.76,22.1414,21.2571
21.6686,22.4086,22.8514,21.3986
22.56,23.51,23.5557,21.6369
22.8829,22.6557,23.2,22.5214
23.0314,23.6943,23.9875,22.9729
23.8514,23.8343,24.0971,23.4286
23.7414,24.6286,24.7857,23.5714
24.2186,24.7086,24.7857,24.1486
24.82,25.04,25.1786,24.6786
24.9528,24.7586,25.1086,24.5987
24.8057,24.68,24.9828,24.6586
24.65,25.1643,25.1757,24.5228
25.2557,25.1171,25.3571,25.0814
24.8986,24.9243,25.0643,24.5557
25.12,24.9676,25.2771,24.8014
24.79,24.9343,25.2957,24.5443
25.0557,25.0814,25.4014,24.8314
25.1057,25.5771,25.6786,25.0071
25.6171,25.4757,25.7786,25.4057
25.6143,25.4257,25.7143,25.1286
25.2471,24.7886,25.6128,24.7871
24.7943,24.2957,25.2143,24.2386
24.2214,23.4086,24.2357,23.3929
23.3671,23.2443,23.7357,23.0714
23.4557,22.8529,23.9143,22.5714
22.9486,22.2029,22.9714,22.1171
21.89,22.3714,22.5571,21.8443
22.38,22.8429,22.8557,22.25
22.7071,22.5057,23.1714,22.4257
22.84,22.54,22.9271,22.2971
22.44,22.2014,22.7786,21.95
22.0571,23.1914,23.21,22.0029
23.16,22.9143,23.2857,22.6643
22.7186,23.4743,23.6086,22.6357
23.7514,23.57,24.0528,23.08
23.1457,21.2857,23.2514,20.9329
23.7557,23.8428,23.9286,23.0171
23.5929,24.0743,24.2357,23.5714
24.5443,24.8714,24.9971,24.4843
24.6871,24.3143,24.7043,24.0857
24.2343,24.64,24.82,23.77
24.84,25.6057,25.6143,24.7257
24.6543,25.0671,25.3014,24.4286
25.2328,24.9886,25.3343,24.4814
24.8928,25.7428,25.8443,24.8771
25.65,25.0571,25.6714,24.6771
25.0228,24.7371,25.3043,24.5571
24.3028,24.2271,24.5957,23.6786
24.0257,25.0286,25.35,24.0255
24.9543,23.4614,24.96,23.4286
23.92,24.3128,24.5714,23.8029
24.2986,23.7871,24.3671,23.45
24.0371,24.8671,24.9777,24.0014
25.3414,24.9443,25.5471,24.84
24.75,24.6243,25.1114,24.5186
24.7371,24.9628,25.1257,24.5086
25.0386,25.6214,25.8571,25
25.8428,25.5071,26.0486,25.2571
25.5357,25.8743,26.0286,25.3357
25.9186,25.4428,25.9986,25.3443
25.2628,24.4714,25.4143,24.1528
24.6243,24.52,24.88,23.6157
24.7514,25.9271,26.0857,24.4571
25.83,26.3343,26.5714,25.6557
26.52,25.7871,26.6828,25.5743
25.9443,26.3986,26.42,25.1071
26.52,26.8571,27.1357,26.5071
27.0614,26.62,27.12,26.5286
26.4557,26.2886,26.7271,26.1757
26.4814,26.6943,26.8857,26.0479
26.5857,26.9428,27.0928,26.3614
26.9643,26.7786,27.0771,26.7686
26.67,26.68,26.8857,26.5
26.7157,26.7728,26.85,26.2457
26.6328,26.1071,26.6328,25.9771
25.8814,25.8243,25.9986,25.4
25.2928,25.6086,25.9043,24.5714
25.4557,26.5243,26.8571,25.1786
26.5571,25.9743,26.5943,25.7314
26.2286,26.8371,26.9557,25.9
26.8029,27.1586,27.1857,26.7143
27.1043,26.6871,27.1286,26.3143
26.6086,27.3186,27.4628,26.51
27.1371,26.9443,27.35,26.8371
26.88,26.4586,26.9814,26.1214
26.2071,26.1657,26.3214,25.91
26.4371,26.2528,26.6428,26.1528
26.0843,26.5786,26.8857,25.7914
26.6657,26.38,26.7314,26.0257
26.39,25.9886,26.4728,25.8643
25.8486,25.7414,25.9886,25.5071
25.7143,24.9943,25.7143,24.98
24.85,25.17,25.7143,24.7028
25.0071,24.4443,25.0943,24.3214
24.6057,24.25,24.8214,24.1614
24.2471,24.3857,24.4428,23.7743
24.1343,23.62,24.2828,22.742
23.27,23.4357,23.5486,23.0114
22.8857,23.9143,24,22.5843
24.0228,23.1729,24.0714,23.1086
23.0057,22.7314,23.18,22.6257
22.07,22.0243,22.2857,21.9071
21.9571,21.6743,22.0143,21.5171
21.1971,21.3429,21.3886,20.8171
21.1114,20.9671,21.3214,20.6486
21.02,21.8171,21.9,20.9143
22.0786,21.59,22.2029,21.5143
21.6343,21.9014,21.9843,21.4943
21.8343,21.9357,22.35,21.76
22.27,22.3043,22.8129,22.1586
21.8686,21.7414,22.1021,21.5357
21.6586,21.0086,21.9471,21
21.07,21.2543,21.6,20.8357
21.3614,20.9,21.38,20.5157
20.5,20.4671,20.8157,20.36
20.43,20.2571,20.6643,20.2286
20.0357,20.7071,20.7586,19.9986
20.7229,20.1243,20.82,20.0914
20.14,19.9943,20.4429,19.6186
19.9329,19.1443,20.1214,19.0914
19.0386,18.7314,19.0416,18.4543
18.5243,19.0171,19.1843,18.5243
18.9743,18.4543,19.0002,18.3814
18.1043,17.5071,18.37,17.5071
18.0871,18.5543,18.6143,17.7429
18.2771,17.7286,18.5,17.5714
18.0043,18.1486,18.3829,17.8814
18.1929,17.7286,18.2114,17.4286
17.0986,17.4257,17.6371,17.0529
17.4643,17.2014,17.5686,17.0071
17.2757,17.8021,18.2143,17.2586
17.7843,17.6543,17.8771,17.4643
17.8029,17.4271,17.84,17.2
17.39,17.7771,17.9971,16.8571
17.86,18.47,18.6014,17.8286
18.5586,18.1714,18.8857,17.9671
17.5657,16.89,17.5786,16.87
17.0214,16.8057,17.2986,16.4914
17.1057,16.9414,17.1671,16.6663
17.0657,17.4971,17.5014,16.5529
17.3629,18.0071,18.0671,17.2657
17.6886,17.4571,17.8,17.3829
17.4543,17.9986,18.1071,17.3486
17.8043,18.0386,18.1543,17.7229
18.2086,18.4857,18.6857,18.1443
18.4857,18.0971,18.54,17.9471
17.8371,18.6714,18.7143,17.66
18.4929,18.2871,18.5686,18.1714
17.9257,17.44,17.9571,17.3714
17.32,17.1386,17.8257,16.7529
17.4286,18.69,18.8457,17.3957
18.48,18.6329,19.1429,18.4143
18.8071,19.1729,19.4143,18.7743
19.1071,19.4629,19.5129,18.8829
19.3371,18.4929,19.5214,18.4857
18.8829,18.7671,19.35,18.5714
18.7914,18.7357,18.97,18.4357
18.5729,18.3086,19.0286,18.0643
18.5729,19.8557,19.87,18.5157
19.3714,19.9986,20.1,18.8586
19.8674,19.4557,20,18.02
22.2343,21.1514,22.8543,20.8571
23.0514,23.1014,23.6786,22.8014
22.9843,23.0729,23.6229,22.6314
22.8057,23.6043,24.1443,22.3857
24.1486,25.3886,25.6028,23.5229
25.54,25.36,25.6314,25.0243
24.67,25.1428,25.4071,24.2857
25.4314,25.3686,25.8571,25.0586
25.6286,24.4714,25.6428,24.0428
24.4643,25.7343,26.0657,24.4
25.3771,25.8928,26.2286,24.3186
25.7214,27.35,27.5714,25.5557
27.8471,27.9157,28.1986,27.5271
27.8343,28.4671,28.6086,27.5071
28.2971,28.5,28.6428,28.25
28.5471,28.6557,28.7943,28.1257
28.3671,28.4214,28.9943,28.2571
28.4214,28.43,28.7086,28.1171
28.4,27.8614,28.4757,27.8271
27.7014,27.16,27.7018,27.1271
26.7443,26.49,26.8328,26.19
26.16,26.14,26.377,25.8428
26.14,26.6457,26.7614,25.5143
26.3428,27.2457,27.5214,26.14
27.1986,27.1957,27.6,27.0771
27.4043,27.17,27.4457,26.8314
27.2657,27.6343,27.7828,26.5371
26.9343,27.8214,28.1186,26.77
27.7443,27.6557,27.9514,27.5271
27.7571,27.22,27.8557,26.8628
27.1361,26.5986,27.1571,26.5886
26.5,26.1271,26.5714,26.0586
25.6871,25.3071,25.8428,25.2843
25.5514,25.98,26.3057,25.3857
26.0314,26.7628,26.8143,25.6714
26.3271,25.6328,26.4528,25.5928
25.7457,25.26,25.8,25.05
24.9728,25.0314,25.1128,24.2871
24.6488,24.7986,25.3243,24.6214
24.5057,24.5714,24.5786,24.25
24.0657,23.6914,24.6214,23.5243
24.1214,23.6671,24.5414,23.3614
23.4214,23.7286,24.0286,23.1571
23.77,23.6143,23.86,22.7614
23.4714,23.77,24.2271,22.9
23.73,25.3086,25.3671,23.3914
24.28,22.9786,24.4257,21.9657
21.9657,23.6114,23.9571,21.5186
23.6243,24.45,25.0171,23.6014
25.0666,26.6671,26.7,23.9671
26.6143,27.23,27.5257,26.59
27.3986,26.7214,27.4286,26.4671
26.5971,26.47,26.9943,26.32
26.8386,27.03,27.0628,26.2128
26.7771,26.9428,27.1571,25.7143
27.1357,26.8043,27.16,26.4214
26.7143,26.5971,27.0528,26.39
26.4414,26.4928,26.6557,26.3857
26.3857,26.47,26.4814,26.1257
26.1114,26.41,26.5571,25.9514
26.5614,26.5443,26.7443,25.6057
26.5943,26.9371,26.9428,26.1086
24.9086,24.3357,24.9857,24.28
24.3457,24.8914,24.9471,24.2857
24.7857,24.5,24.8843,24.4357
24.6786,24.67,24.72,24.1686
24.2257,23.6486,24.3114,23.5929
23.8543,23.9971,24.2243,23.3571
23.8934,23.2871,23.8971,23.1143
23.1757,24.2128,24.5543,21.8871
23.8271,23.9357,23.9828,23.6571
23.98,24.3143,24.4443,23.8114
23.9871,23.3557,23.9871,23.2814
23.0643,22.6243,23.0829,22.5286
22.32,22.5714,22.5829,21.9286
22.56,22.54,22.74,22.43
22.6357,22.3643,22.6557,22.27
22.3341,22.09,22.4871,21.8471
21.9243,21.92,22.0857,21.8214
22.0714,21.9671,22.0743,21.76
21.8243,22.0671,22.1429,21.6071
21.8829,20.9771,21.8886,20.9743
21.1829,20.9614,21.4071,20.95
20.5929,20.1629,20.6643,20.0443
20.0443,20.0214,20.2557,19.9029
20.11,20.4314,20.4514,19.9143
20.1314,19.8657,20.4071,19.69
19.7729,19.8557,20.0843,19.6571
19.83,19.51,19.8543,19.4571
19.6,19.8329,19.8571,19.5214
19.55,19.4271,19.9143,19.3929
19.3557,19.7,19.7571,19.1071
19.53,19.5707,19.72,19.1357
18.8243,18.8586,18.9,18.5714
19.2871,19.3657,19.6529,18.9586
19.5371,20.71,20.8343,19.4429
20.5943,19.9914,20.8186,19.9771
19.7829,19.9271,19.95,19.63
19.4643,18.9529,19.75,18.9
19.1543,18.5543,19.1686,18.5057
18.1171,18.7129,18.9157,18.09
18.8929,19.0559,19.2371,18.8714
19.3286,18.6471,19.3386,18.5443
18.7243,19.0129,19.0486,18.5371
18.93,18.7457,18.9643,18.6186
18.2243,17.4586,18.4229,17.2857
17.46,17.7086,17.7857,17.2143
17.4371,17.43,17.6429,17.1171
16.7214,16.7157,16.9286,15.9457
17.1286,17.5343,17.8371,17.0929
17.7186,18.3271,18.3286,17.6729
18.2557,18.3314,18.4786,18.0714
17.8571,17.5886,18.25,17.1857
18.0557,18.73,19,17.87
19.1443,19.5371,19.5514,18.8571
19.29,19.2771,19.6057,18.9471
19.3214,18.9857,19.3243,18.3286
18.8357,19.3229,19.4214,18.7857
19.4986,19.5214,19.5657,19.1643
19.2857,19.0914,19.34,18.2529
18.8229,20.4243,20.4971,18.7886
20.2043,20.6186,20.7786,19.9386
20.55,20.8843,21.2743,20.54
20.8571,20.8443,21.2143,19.5657
19.6086,19.6214,19.7657,19.2857
19.27,19.84,20.1429,19.1643
20.5286,20.4729,20.7457,20.1329
20.5357,20.2357,20.5971,20
20,20.0429,20.1157,19.95
19.7314,19.7414,19.7771,19.4343
19.8443,19.7571,19.9429,19.6429
19.7286,19.77,19.9971,19.6429
19.6757,19.29,19.6929,19.2171
19.1528,19.1214,19.1771,18.9129
18.9129,18.8671,19.1,18.7586
18.9071,18.4114,19.2143,18.4014
18.6186,18.9114,18.9857,18.4543
18.9,19.0186,19.0486,18.6286
18.9643,18.4,18.9957,18.3843
18.1671,17.4286,18.2,17.3571
17.3229,17.2929,17.4414,17.0429
17.4343,17.4243,17.7143,17.2986
17.2229,17.48,17.4986,17.1429
17.4129,17.23,17.4343,17.0371
17.0929,17.7114,17.7143,16.96
17.4771,17.7414,17.87,17.2943
17.5714,17.6929,17.7786,17.4829
17.7,17.3857,17.7557,17.2457
17.3643,17.6957,17.8086,17.3571
17.6657,17.8129,17.8586,17.5586
17.87,17.6114,17.8829,17.5057
17.2143,17.2314,17.2386,17.1229
16.9643,16.7429,17.0643,16.6314
16.7857,17.3071,17.3129,16.4857
17.1971,17.05,17.3871,16.9014
17.17,18,18.0214,17.0771
17.7843,17.975,17.9757,17.47
17.7241,17.8557,18.23,17.5986
17.6629,17.4714,17.7214,17.4214
17.5243,17.3443,17.5271,17.2143
17.3329,16.9471,17.39,16.8429
16.9143,17.3,17.3129,16.8986
17.313,17.1529,17.4529,17.0773
16.9671,16.3286,16.9829,16.2186
16.3357,16.35,16.4086,16.0986
16.2314,16,16.2543,15.9286
15.8129,16.1157,16.3514,15.7671
16.1271,16.2886,16.4286,16.0843
16.22,16.07,16.25,16.0014
15.9971,15.7586,16.0643,15.7214
15.7171,15.7471,15.8057,15.6814
15.6343,15.3071,15.6957,15.3071
15.3343,15.5043,15.5471,14.7743
15.36,15.6529,15.7429,15.2114
15.6229,15.66,15.7143,15.4643
15.5343,15.3914,15.59,15.2543
15.3343,15.2329,15.5486,15.1314
15.2686,14.9871,15.28,14.9843
15.0086,14.7814,15.0214,14.7743
14.8457,14.44,14.9071,14.43
14.4014,14.4,14.5143,14.3571
14.3429,14.39,14.4929,14.2871
14.3414,14.2357,14.3629,14.21
