38.51,39.38,39.45,38.16
39.34,39.32,39.35,39.06
39.19,39.42,39.45,38.99
39.19,39.5,39.54,38.99
39.59,39.55,40.62,39.185
38.79,38.68,39.18,38.5
38.49,38.01,38.55,38.01
38.01,38.59,38.63,37.99
38.16,37.97,38.25,37.93
38,37.77,38.12,37.65
37.53,37.82,37.99,37.49
37.59,37.18,37.79,37.05
37.2,37.3,37.4,37.08
37.14,37.37,37.39,36.99
37.29,37.45,37.51,37.125
37.23,37.67,37.67,37.175
37.67,37.95,38.07,37.56
38.025,38.26,38.27,37.92
38.13,37.28,38.355,37.272
37.34,37.83,37.985,37.235
37.79,37.56,37.93,37.56
37.56,37.47,37.89,37.38
37.59,37.42,37.69,37.26
37.51,37.13,37.55,37.13
37.22,36.9,37.31,36.85
37.09,36.95,37.275,36.69
37.11,37.19,37.31,36.9
37.38,37.24,37.57,37.08
37.22,37.01,37.48,36.85
37.04,37.175,37.26,36.81
37.07,37.49,37.61,37
37.48,37.53,37.75,37.41
37.46,37.87,37.96,37.37
37.68,37.7,37.99,37.58
37.75,37.52,37.83,37.406
37.41,37.21,37.61,37.16
37.3,37.32,37.49,37.14
37.32,37.6,37.61,37.13
37.38,37.18,37.45,37.12
37.11,37.165,37.34,37.09
37.42,37.42,37.635,37.27
37.44,37.07,37.5,36.9037
37.22,37.46,37.5,37.18
37.45,37.52,37.55,37.19
37.59,37.72,37.83,37.52
37.42,37.62,37.62,37.18
37.53,37.76,37.795,37.5
37.89,37.72,37.9,37.47
37.65,38.12,38.16,37.56
37.94,37.87,38.22,37.82
37.89,38.03,38.03,37.41
37.66,37.97,38.02,37.51
37.995,38.225,38.225,37.84
38.2975,37.875,38.33,37.845
38.045,37.8,38.115,37.725
37.855,37.6,37.86,37.55
37.575,37.495,37.64,37.4
37.515,37.345,37.62,37.28
37.345,37.43,37.46,37.29
37.43,37.33,37.6,37.26
37.27,37.595,37.595,37.225
37.63,37.65,37.725,37.47
37.545,37.72,37.8205,37.505
37.805,37.645,38.095,37.625
37.71,37.525,37.745,37.235
37.67,37.925,37.955,37.25
37.975,37.745,37.995,37.305
37.75,36.56,38.435,36.5
36.72,36.87,36.94,36.5525
36.8,36.6,36.895,36.5
36.63,36.775,36.87,36.4425
36.785,36.535,36.805,36.37
36.305,36.09,36.475,36.0635
36.145,36.335,36.385,36.095
36.28,36.105,36.37,35.91
36.385,36,36.47,35.88
35.71,35.8,35.8338,35.415
35.855,35.365,35.87,35.35
35.46,35.31,35.88,35.225
35.415,35.07,35.4795,35.025
35.135,35.105,35.27,34.91
35.075,34.795,35.13,34.7
34.935,34.755,35.1275,34.59
34.525,34.835,34.945,34.115
34.525,34.975,35.025,34.465
35.045,35.2,35.33,34.9825
35.225,35.43,35.4995,35.175
35.435,35.4,35.66,35.25
35.325,35.505,35.54,35.2275
35.51,35.295,35.51,35.11
35.415,34.735,35.5525,34.735
35.505,35.16,35.6,34.99
35.075,35.08,35.22,34.885
34.93,35.105,35.205,34.775
34.94,35.09,35.32,34.805
35.01,34.97,35.345,34.82
34.99,34.535,35.115,34.465
34.5,34.515,34.64,34.255
34.725,34.735,34.74,34.465
34.615,34.585,34.74,34.47
34.665,34.38,34.715,34.035
34.35,34.31,34.49,34.11
34.34,34.51,34.66,34.19
34.39,34.975,35.1675,34.32
34.93,34.705,35.025,34.615
34.755,35.04,35.14,34.625
35.07,34.25,35.11,34.14
34.155,34.395,34.5,34.01
34.58,34.465,34.62,34.395
34.48,34.555,34.96,34.46
34.51,34.13,34.58,34.1
34.1,34.165,34.355,33.985
34.17,34.115,34.3,33.965
34.245,33.7,34.36,33.4
33.735,33.39,33.76,33.295
33.49,33.54,33.8462,33.28
33.63,33.09,34.065,33.09
33.23,32.37,33.285,32.3
32.55,31.765,32.96,31.75
31.725,31,32.05,31
31.26,30.815,31.46,30.7211
30.755,30.765,30.875,30.525
30.33,30.23,30.62,30.02
30.475,30.78,30.975,30.42
30.735,30.68,30.815,30.55
30.725,31.26,31.26,30.57
30.91,31.095,31.24,30.85
30.94,30.74,31.3575,30.74
30.74,31.325,31.375,30.3
31.28,32.465,32.465,31.19
32.26,32.5,32.815,32.195
32.48,32.795,32.795,32.3075
32.03,31.985,32.155,31.785
32.175,32.39,32.45,32.09
32.455,32.56,32.7575,32.36
32.44,32.735,32.75,32.405
32.51,32.57,32.79,32.49
32.6,32.6,32.87,32.495
32.56,32.44,32.65,32.1073
32.62,32.545,32.7845,32.455
32.48,32.86,32.86,32.435
32.89,32.735,32.995,32.715
32.68,32.855,32.865,32.48
32.705,32.8,32.895,32.54
32.9,33.07,33.12,32.7825
32.915,33.035,33.19,32.82
33.095,32.94,33.175,32.85
33.17,33.27,33.285,33.1
33.125,33.34,33.34,32.89
33.34,33.085,33.355,33
33.085,32.88,33.2,32.8
32.905,33.625,33.625,32.85
33.575,33.345,33.75,33.345
33.65,33.75,33.765,33.43
33.58,33.09,33.6675,33.035
33.115,33.155,33.38,33.0075
32.925,32.99,33.165,32.79
32.96,32.99,33.07,32.64
33.12,32.455,33.215,32.41
32.585,32.49,32.715,32.375
32.385,32.64,32.77,32.3675
32.88,32.475,32.95,32.425
32.555,32.615,32.9375,32.4125
33.08,33.11,33.22,32.93
33.175,33.06,33.225,33.005
33.17,33.02,33.2,32.8125
33.08,33.19,33.2775,32.975
32.945,32.8,33.04,32.635
32.63,32.67,32.845,32.4853
32.775,32.835,32.835,32.555
32.83,32.835,32.995,32.78
32.755,32.87,33.095,32.58
32.78,32.88,32.945,32.715
32.845,32.74,32.935,32.69
32.83,33.35,33.36,32.67
33.22,33.18,33.235,32.9075
33.145,33.58,33.625,33.09
33.705,33.935,33.935,33.54
33.885,33.66,33.94,33.515
33.655,33.62,33.8275,33.575
33.76,33.755,33.98,33.7325
33.755,33.665,33.8975,33.66
33.84,33.625,33.9,33.585
33.61,33.45,33.675,33.315
33.45,33.605,33.71,33.42
33.535,33.55,33.6,33.375
33.695,33.765,33.91,33.57
33.59,33.34,33.635,33.34
33.42,33.505,33.645,33.21
33.45,33.82,33.82,33.445
33.77,33.7,33.875,33.67
33.625,33.935,33.97,33.535
33.93,33.86,34.18,33.835
33.96,34.1,34.16,33.26
33.59,33.645,33.735,33.33
33.735,33.78,33.85,33.6412
33.73,33.75,33.88,33.5237
33.51,33.485,33.68,33.3055
33.56,33.51,33.605,33.11
33.545,33.335,33.6125,33.245
33.43,33.385,33.59,33.345
33.44,33.78,33.815,33.34
33.51,33.63,33.685,33.445
33.415,33.59,33.685,33.3525
33.575,33.845,33.975,33.505
33.705,33.755,33.845,33.455
33.555,33.3,33.59,33.15
33.13,32.4,33.21,32.375
32.55,32.515,32.6,32.34
32.505,32.36,32.6425,32.28
32.64,32.455,32.715,32.135
32.595,32.125,32.7099,32
31.97,31.83,32.08,31.59
31.535,31.53,31.5744,31.11
31.23,30.51,31.36,30.485
30.825,30.42,31.3,30.33
31.475,31.67,31.735,31.315
31.32,31.27,31.58,31.105
31.27,31.235,31.4,31.025
31.23,31.465,31.715,31.2075
31.185,31.585,31.585,31.07
31.55,31.095,31.6175,30.925
31.175,31.23,31.5525,31.125
31.32,31.005,31.3525,30.97
31.195,31.365,31.56,31.1099
31.4,31.095,31.485,31.06
31.465,31.435,31.565,31.2675
31.61,31.64,31.76,31.53
31.625,31.675,31.8375,31.595
31.7,31.855,31.95,31.61
31.78,31.835,31.89,31.5
31.83,31.835,31.91,31.695
31.865,31.72,31.915,31.525
31.65,31.41,31.695,31.2507
31.44,31.305,31.58,31.235
31.145,31.275,31.435,31.045
31.3,31.3,31.585,30.845
31.22,31.04,31.25,30.845
30.905,30.72,31.24,30.715
30.88,30.06,30.94,30.06
30.125,30,30.295,29.8075
30.19,30.265,30.415,29.93
30.215,30.86,30.88,30.1675
31,30.735,31.2575,30.685
30.92,31.01,31.26,30.825
31.13,31.175,31.33,30.9075
31.035,31.24,31.385,30.942
31.32,30.715,31.3625,30.695
30.71,30.785,30.9375,30.5925
30.71,30.445,30.72,30.305
30.525,30.52,30.73,30.27
30.445,30.295,30.795,30.25
30.475,30.455,30.895,30.325
30.615,30.545,30.765,30.285
30.38,30.265,30.525,30.01
30.575,30.36,31,30.25
30.65,31.1,31.395,30.24
30.525,30.51,30.78,30.44
30.5,30.51,30.55,30.2375
30.55,30.44,30.75,30.295
30.47,30.625,30.68,30.19
30.73,31.3,31.3,30.655
31.14,31.22,31.455,31.02
31.24,30.845,31.3275,30.77
30.985,31.065,31.215,30.7
30.92,31.08,31.15,30.835
30.975,31.09,31.195,30.865
30.86,30.695,31.03,30.63
30.72,30.96,31.0475,30.72
30.8,30.815,30.9825,30.64
30.7,31.02,31.1549,30.51
31.1,30.525,31.13,30.495
30.565,30.42,30.715,30.4
30.715,30.755,30.905,30.5575
30.935,30.295,30.995,30.195
30.54,30.365,30.685,30.3225
30.4,30.46,30.625,30.2605
30.375,29.905,30.445,29.84
30.045,29.785,30.175,29.725
30.005,29.38,30.09,29.345
29.625,29.555,29.85,29.5
29.935,29.65,30.15,29.65
29.92,29.855,30.03,29.81
29.88,30.425,30.45,29.76
30.375,29.965,30.57,29.855
29.955,29.315,30.145,29.315
29.7,29.35,29.71,29.3475
29.615,29.515,29.7224,29.44
29.58,29.545,29.6075,29.255
29.185,29.3,29.57,29.0275
29.39,29.35,29.55,29.15
29.145,29.44,29.5,29.025
29.48,29.61,29.88,29.31
29.87,29.995,30.02,29.665
29.96,29.725,30.135,29.725
29.685,29.48,29.71,29.415
29.61,29.115,29.785,29.025
28.865,29.07,29.365,28.845
28.955,29.39,29.49,28.83
29.265,29.08,29.265,28.865
29.2,28.53,29.315,28.3
28.77,28.89,29.0879,28.7
29.075,29.115,29.435,28.95
28.88,28.5,28.905,28.475
28.66,28.72,28.8725,28.295
28.85,28.865,29.155,28.66
28.74,28.905,28.93,28.495
28.39,28.42,28.525,27.795
28.02,27.43,28.16,27.35
27.905,29.055,29.06,27.88
29.105,29.2,29.5,28.585
29.7,29.58,29.85,28.96
29.705,29.105,29.735,28.985
29.105,29.09,29.725,28.795
28.92,28.35,28.98,27.605
27.295,27.45,27.8025,27.19
27.905,27.535,28.065,27.49
27.855,27.37,27.925,27.26
27.055,27.24,27.2895,26.81
27.06,27.465,27.72,26.975
27.42,27.03,27.505,26.975
27.105,27.54,27.655,27.055
27.665,27.76,27.76,27.345
27.16,26.805,27.425,26.59
26.805,26.99,27.005,26.17
27.125,27.41,27.425,26.8388
26.945,26.655,27.125,26.6475
27.525,26.775,27.825,26.675
26.775,27.725,27.745,26.72
27.435,27.31,27.715,27.185
27.36,27.44,27.54,26.96
27.3325,27.43,28.02,27.285
27.305,27.045,27.68,26.885
27.61,27.46,27.825,27.375
27.825,27.92,28.025,27.74
27.82,27.575,27.825,27.425
28.215,28.27,28.6,28.1
28.355,28.75,28.78,28.34
28.78,28.75,28.965,28.645
28.595,28.56,28.725,28.365
28.65,28.715,28.765,28.57
28.585,28.55,28.63,28.43
28.445,28.57,28.76,28.375
28.23,28.41,28.42,27.695
28.2,28.5,28.61,28.1625
28.7025,29.245,29.41,28.695
29.35,29.12,29.4325,28.91
28.875,29.03,29.57,28.765
28.685,28.94,29,28.095
28.985,29.425,29.7875,28.97
29.835,29.1,30.1325,29.1
29.295,29.61,29.775,29.035
29.77,30.1,30.135,29.39
30.185,30.285,30.475,29.935
30.375,29.8,30.54,29.745
29.81,30.195,30.405,29.66
30.24,30.765,30.87,30.1699
30.875,30.73,30.89,30.62
30.43,30.77,30.83,30.335
30.795,30.655,30.91,30.52
30.7,30.77,30.895,30.54
30.83,30.86,30.97,30.555
31.065,31.31,31.49,30.9175
31.45,31.56,31.605,31.255
31.31,31.255,31.495,31.115
31.28,30.58,31.315,30.52
30.565,30.485,30.7401,30.305
30.6725,30.225,30.71,30.075
30.115,30.65,30.865,30.09
30.745,30.675,31.0544,30.55
30.775,30.91,30.91,30.625
30.785,30.63,30.995,30.58
30.675,30.615,30.75,30.2375
30.805,30.81,30.895,30.415
30.905,30.74,30.955,30.505
30.73,31.25,31.515,30.575
31.28,31.215,31.37,30.9925
31.37,31.315,31.63,31.25
31.31,31.555,31.69,31.295
31.53,31.045,31.645,30.905
30.97,30.925,31.29,30.515
30.77,31.18,31.25,29.845
31.09,31.015,31.2275,30.89
30.99,31.1,31.1,30.8
30.85,30.585,31,30.585
30.555,30.89,31,30.53
30.775,30.595,30.9,30.595
30.78,30.58,30.8025,30.465
30.66,30.61,30.685,30.4
30.505,30.27,30.535,30.025
29.97,30.1,30.2275,29.91
30.08,30.07,30.415,29.915
30.135,30.31,30.535,30.1
30.245,30.48,30.615,30.065
30.49,29.7,30.535,29.53
29.8475,29.665,30,29.515
29.485,29.7,29.94,29.12
29.81,29.57,29.855,29.44
29.36,28.42,29.38,28.275
28.705,28.76,28.865,28.2625
28.44,27.83,28.485,27.77
27.57,27.58,27.865,27.39
27.405,28.265,28.27,27.325
28.27,28.77,28.77,28.075
28.41,28.495,28.635,28
28.685,29.075,29.115,28.5425
28.855,28.63,28.925,28.38
28.945,28.805,29.125,28.67
28.71,29,29.255,28.565
29.23,29.07,29.635,28.875
28.87,28.615,29.04,28.485
28.5675,28.1,28.64,27.94
28.125,28.345,28.345,27.895
28.205,28.125,28.315,27.97
28.27,28.25,28.47,28
28.335,28.96,29.09,28.275
28.555,28.365,28.58,28.235
27.89,27.715,28.03,27.6
28.105,28.09,28.44,28.01
27.94,27.985,28.085,27.625
27.51,27.51,28.075,27.4
28.165,28.365,28.375,27.98
28.39,28.295,28.42,28.0875
28.385,27.95,28.43,27.725
27.7,27.585,27.77,26.94
26.925,27.925,27.995,26.92
27.205,26.675,28.15,25.005
28.39,28.915,29.04,28.3
29.185,29.535,29.68,29.03
29.96,29.93,30.365,29.925
29.845,30.25,30.345,29.82
30.205,29.38,30.245,29.35
29.44,29.72,29.82,29.23
29.82,29.73,30.09,29.545
29.705,29.295,29.805,29.085
29.395,29.535,29.675,29.215
29.725,29.825,29.885,29.585
29.41,29.415,29.8,29.16
29.38,29.995,30.105,28.585
29.905,31.395,31.48,29.81
31.37,31.435,31.685,31.28
31.605,31.38,31.66,31.315
31.205,31.395,31.495,31.07
31.18,31.2,31.3225,31.015
31.24,31.1,31.34,31
31.205,30.755,31.225,30.565
30.555,31.13,31.165,30.425
31.085,31.2,31.445,30.9825
31.235,32.45,32.45,31.12
32.25,32.375,32.495,32.07
32.135,32.06,32.2,31.92
32.16,32.135,32.21,31.995
32.135,32.04,32.15,31.8
32.16,32.075,32.325,32.005
31.875,31.54,31.8925,31.52
31.62,31.925,31.955,31.445
31.86,31.865,32.13,31.8275
31.595,31.295,31.705,31.005
31.005,31.26,31.35,30.9525
30.845,31.095,31.395,30.8125
31.255,31.19,31.355,30.655
31.055,30.9,31.3,30.865
31.17,31.135,31.775,31.055
31.125,30.19,31.1525,30.19
30.07,30.285,30.285,29.825
29.99,30.315,30.5175,29.94
30.635,30.62,30.82,30.405
30.44,30.33,30.73,30.23
30.18,30.395,30.495,30.125
30.38,30.47,30.54,30.225
30.485,30.34,30.62,30.25
30.255,30.145,30.445,30.055
30.24,29.955,30.425,29.925
29.81,29.435,29.83,29.435
29.44,29.165,29.515,28.9775
29.17,28.935,29.26,28.755
29.13,29.195,29.295,29.015
29.38,29.14,29.4,29.05
29.115,29,29.25,28.9275
28.925,28.845,29.025,28.5375
28.9325,29.34,29.405,28.86
29.3425,29.395,29.46,29.02
29.475,29.505,29.8401,29.3825
29.66,29.54,29.73,29.475
29.41,29.18,29.59,29.1634
29.39,29.355,29.5,29.21
29.23,29.545,29.635,29.155
29.515,29.56,29.645,29.345
29.67,29.3,29.79,29.22
29.295,28.96,29.61,28.92
28.935,28.77,29.06,28.7065
28.77,28.78,29.1,28.72
28.785,28.845,29.075,28.65
28.615,28.505,28.71,28.44
28.485,28.345,28.59,28.325
28.32,28.385,28.4413,28.155
28.27,28.355,28.52,28.14
28.14,28.725,28.795,28.1
28.6625,28.745,28.855,28.61
28.8825,29.315,29.395,28.87
29.205,29.25,29.3725,29.075
28.96,28.75,29.115,28.675
28.83,29.045,29.15,28.66
28.99,29.405,29.52,28.955
29.39,30.025,30.05,29.315
29.205,28.9,29.245,28.66
28.88,29.18,29.475,28.655
29.17,29.385,29.51,29.1101
29.5,29.495,29.535,29.195
29.44,29.93,30.16,29.35
29.82,29.94,30,29.435
29.615,29.295,30.425,29.235
29.38,29.48,29.48,29.225
29.42,29.4,29.785,29.1675
29.235,29.3,29.47,29.05
29.21,29.55,29.64,28.575
29.835,29.86,30.025,29.785
29.955,29.66,30.145,29.55
29.4875,29.35,29.665,29.285
29.39,29.85,29.9,29.365
29.905,29.9,30.085,29.73
29.795,29.595,29.84,29.53
29.59,29.28,29.595,29.115
29.1575,29.085,29.34,28.91
29.105,28.82,29.32,28.75
28.97,28.545,29.09,28.3
28.53,28.395,28.5375,28.025
28.235,28.105,28.46,27.89
28.305,28.005,28.49,28.005
27.97,27.915,28.26,27.895
27.955,28.025,28.23,27.835
28.2625,28.535,28.84,28.225
28.785,29.315,29.38,28.67
29.56,29.58,29.765,29.56
29.725,29.555,29.76,29.435
29.3725,29.52,29.595,29.22
29.495,29.5,29.63,29.0725
29.565,29.28,29.71,29.125
29.875,29.685,29.94,29.61
29.525,29.54,29.645,29.355
29.665,29.215,29.715,29.18
29.03,29.305,29.395,28.965
29.35,30.08,30.115,29.315
30.285,30.18,30.35,30.17
30.185,30.07,30.31,29.97
30.1625,30.155,30.215,29.89
30.215,29.9,30.22,29.7475
29.98,29.865,30.005,29.72
29.935,29.755,30.045,29.75
29.69,29.66,29.74,29.4775
29.575,29.68,29.75,29.4225
29.81,29.475,29.945,29.475
29.585,29.2,29.685,29.1325
29.105,29.13,29.355,29
29.25,28.97,29.29,28.7601
28.925,29.09,29.09,28.84
29.11,29.365,29.365,29.03
29.4,29.59,29.625,29.19
29.7325,29.25,29.755,29.21
29.19,28.935,29.205,28.855
28.89,28.685,28.9625,28.53
28.705,28.57,28.735,28.35
28.545,28.41,28.615,28.285
28.46,28.555,28.715,28.38
28.485,28.395,28.7,28.32
28.45,27.725,28.99,27.415
27.705,26.94,27.78,26.93
26.905,26.575,26.97,26.225
26.5725,26.635,26.95,26.51
26.935,27.43,27.53,26.76
27.295,28.245,28.32,27.265
28.1775,28.12,28.415,28.01
28.345,28.155,28.425,28.04
28.155,28.295,28.325,28.05
28.285,27.975,28.34,27.83
27.885,27.71,28.015,27.585
27.905,28.375,28.375,27.73
28.385,27.905,28.485,27.815
28,28.005,28.215,27.72
27.91,27.92,28.14,27.5
28.42,28.42,28.98,28.215
28.085,28.12,28.355,27.885
28.145,28.305,28.385,28.04
28.19,27.875,28.525,27.8
27.59,27.735,27.825,27.385
27.615,27.94,27.97,27.43
27.98,28.425,28.55,27.83
28.675,29,29.175,28.42
29.005,29.405,29.65,28.915
29.435,29.28,29.6,29.255
29.4375,29.065,29.525,29.05
29.1925,29.025,29.2725,28.9125
29.035,28.985,29.11,28.86
28.95,28.745,29.1,28.66
28.61,28.61,28.905,28.53
28.585,28.08,28.6675,28.08
28.145,27.7,28.27,27.49
27.6675,27.37,27.745,27.37
27.405,27.405,27.92,27.37
27.47,27.84,27.875,27.415
27.675,27.5,27.99,27.49
27.9475,27.865,28.2225,27.74
27.785,28.01,28.17,27.66
28.095,27.97,28.275,27.825
28.18,28.14,28.345,28.01
28.17,28.155,28.3625,28.085
28.1875,28.425,28.615,28.05
28.57,28.53,28.625,28.26
28.51,28.245,28.58,28.15
28.3,28.485,28.485,28.14
28.52,28.64,28.64,28.3909
28.43,28.385,28.4551,28.2225
28.31,27.82,28.345,27.7
27.5075,27.16,27.52,27.13
27.04,27.425,27.595,26.93
27.19,27.185,27.235,27.025
27.19,27.165,27.205,26.955
27.21,27.1,27.29,26.885
27.0725,27.005,27.175,26.845
27.05,27.24,27.24,26.885
27.15,26.85,27.305,26.7025
26.8,26.5,26.995,26.44
26.48,26.44,26.545,25.78
26.475,27.62,27.625,25.895
27.575,27.725,27.725,27.2
27.69,27.635,27.725,27.3
27.545,27.435,27.6175,27.23
27.315,27.81,27.865,27.1
27.8,27.63,27.905,27.63
27.675,27.845,27.845,27.38
27.175,27.21,27.4475,27.0375
27.45,27.295,27.465,27.175
27.365,27.075,27.5225,27.075
27.025,27.105,27.27,26.91
27.13,26.845,27.335,26.715
26.61,26.09,26.76,25.9525
25.745,26.095,26.3,25.675
26.095,25.84,26.39,25.81
25.65,25.34,25.7275,25.1125
25.34,24.99,25.75,24.99
24.795,25.05,25.13,24.765
25.425,25.38,25.64,24.665
25.735,26.025,26.175,25.68
25.82,26.165,26.515,25.785
26.31,26.715,26.93,26.295
26.66,27.385,27.39,26.645
27.385,26.695,27.6025,26.565
26.61,26.59,26.7575,26.315
26.695,26.87,26.95,26.625
26.825,26.44,27.0175,26.44
26.42,26.415,26.485,25.8185
26.465,26.845,26.8625,26.375
26.89,27.115,27.245,26.84
27.08,26.835,27.165,26.705
27.12,26.89,27.14,26.845
26.97,27.41,27.42,26.88
27.43,27.565,27.5697,27.07
27.485,27.995,27.995,27.475
27.93,28.275,28.345,27.695
28.37,28.63,28.635,28.25
28.425,28.55,28.6775,28.365
28.545,28.62,28.685,28.405
28.615,28.53,28.635,28.39
28.51,28.58,28.745,28.44
28.54,28.45,28.57,28.335
28.49,28.435,28.565,28.28
28.455,28.27,28.525,28.02
28.305,27.87,28.385,27.82
27.94,27.755,27.9975,27.71
27.85,27.5,27.895,27.435
27.44,27.62,27.695,27.415
27.435,27.37,27.525,27.31
27.39,27.355,27.485,27.175
27.36,27.44,27.465,27.215
27.26,27.16,27.33,27.14
27.28,27.345,27.45,27.18
27.28,27.375,27.375,27.165
27.325,27.175,27.365,27.1
27.09,27.135,27.295,26.96
27.22,27.32,27.415,27.175
27.32,27.155,27.3925,27.155
27.25,27.345,27.445,27.2025
27.365,27.485,27.55,27.24
27.315,27.4,27.445,27.075
27.185,27.095,27.21,27.04
27.055,27.045,27.185,26.96
26.9,26.795,27.065,26.795
26.875,26.79,27.09,26.7675
26.75,26.345,26.78,26.345
26.34,26.555,26.595,26.2602
26.45,26.485,26.7,26.3942
26.59,26.93,26.93,26.455
26.925,26.7,27.04,26.7
26.695,26.77,26.94,26.575
26.865,27.495,27.525,26.8125
27.705,27.595,27.725,27.46
27.495,27.645,28.245,27.47
27.365,27.26,27.41,27.0425
27.195,27.57,27.605,27.115
27.565,27.48,27.625,27.355
27.355,27.265,27.5,27.125
27.315,27.375,27.62,27.11
26.91,27.06,27.23,26.75
27.27,27.37,27.37,27.11
27.1,27.265,27.58,27.0475
27.525,27.555,27.765,27.44
27.445,27.43,27.585,27.295
27.525,27.395,27.625,27.185
27.275,27.155,27.32,27.0825
27.1775,27.16,27.39,27.04
27.365,26.78,27.37,26.705
26.655,26.96,27.11,26.625
27.09,27.275,27.375,26.93
27.45,27.37,27.485,27.255
27.2775,27.1,27.3,27.02
27.055,26.93,27.17,26.845
26.84,26.95,26.95,26.785
27.065,26.84,27.13,26.765
26.8,26.59,26.82,26.525
26.605,26.33,26.675,26.23
26.32,26.22,26.5,26.12
26.215,26.385,26.385,26.18
26.37,26.635,26.635,26.2975
26.47,26.325,26.48,26.25
26.33,26.135,26.385,25.995
26.1,26.14,26.175,26
26.175,26.19,26.24,26.055
26.235,26.325,26.375,26.15
26.335,26.25,26.395,26.205
26.355,26.29,26.395,26.27
26.44,26.475,26.535,26.26
26.475,26.38,26.61,26.36
26.455,26.46,26.5,26.195
26.355,26.22,26.385,26.045
26.145,26.14,26.205,25.9675
26.16,26.18,26.24,26.125
26.28,26.055,26.38,26.04
26.1,26.09,26.145,25.92
26.035,26.03,26.09,25.89
25.925,26.085,26.085,25.785
26.03,26.035,26.14,25.925
25.985,25.935,26.06,25.89
25.85,25.635,25.995,25.62
25.675,25.3,25.69,25.2625
25.325,25.395,25.47,25.22
25.45,25.12,25.47,24.89
25.095,25.11,25.155,24.9175
25.155,24.895,25.175,24.58
24.915,25.085,25.125,24.84
25.055,25.425,25.435,25.015
25.325,25.555,25.605,25.2338
25.5,25.535,25.5625,25.045
25.55,25.825,25.88,25.39
25.87,26.015,26.095,25.645
25.905,26.05,26.165,25.8
26.23,25.915,26.24,25.865
26.015,26.21,26.21,25.84
26.055,25.91,26.055,25.86
25.88,25.765,25.9925,25.66
25.775,26,26,25.6095
25.85,25.765,25.905,25.385
25.485,25.63,25.7,25.435
25.685,25.675,25.965,25.5625
25.605,25.485,25.71,25.37
25.415,25.295,25.81,25.25
24.94,24.695,24.945,24.66
24.55,24.48,24.75,24.375
24.585,24.375,24.61,24.2455
24.205,24.375,24.475,23.87
24.33,24.1,24.42,24.05
23.98,24.085,24.35,23.9525
24.21,24.84,24.965,24.195
24.895,24.39,24.945,24.335
24.425,24.595,24.595,24.135
24.54,25.055,25.105,24.32
25.09,25.59,25.805,25.085
25.56,25.38,25.655,25.365
25.45,25.01,25.485,25.01
24.965,25.17,25.19,24.815
25.02,24.92,25.195,24.89
24.78,24.695,24.92,24.505
24.55,24.705,24.795,24.4975
24.81,24.87,25.18,24.785
24.835,25.175,25.245,24.695
25.15,25.125,25.25,24.665
25,25.345,25.655,24.955
25.3025,25,25.4725,24.95
24.94,25.105,25.145,24.75
25.11,25.365,25.365,24.985
25.39,25.49,25.495,25.305
25.32,25.16,25.3925,25.09
25.23,25.555,25.595,25.085
25.49,25.5,25.595,25.305
25.61,25.855,25.88,25.5
25.76,25.835,25.945,25.655
25.815,26.16,26.185,25.72
26.055,26.06,26.16,25.915
25.945,25.685,26.1275,25.565
25.68,25.7,25.795,25.615
25.5,25.54,25.635,25.305
25.845,25.65,26.0405,25.56
25.54,25.325,25.685,25.25
25.34,25.46,25.4615,25.0975
25.385,25.63,25.73,25.095
25.575,25.8575,25.93,25.565
25.525,26.0299,26.0299,25.5
25.88,25.89,26.07,25.665
25.785,26.635,26.685,25.605
26.765,26.98,26.985,26.595
26.85,26.505,27.055,26.5
26.4825,26.76,27.145,26.385
27.62,27.615,27.64,27.5125
27.5,27.155,27.525,27.14
27.175,27.385,27.385,27.1025
27.32,27.19,27.415,27.095
27.015,26.87,27.075,26.7
26.69,26.55,26.8313,26.415
26.76,26.46,26.8,26.095
26.385,27.37,27.48,26.265
27.225,26.445,27.35,26.445
27.095,26.6525,27.175,26.49
26.53,26.64,26.73,26.255
26.675,27,27.065,26.405
26.245,26.255,26.935,25.925
26.2,26.36,26.44,26.09
26.54,26.615,26.79,26.4151
26.87,26.635,26.89,26.5
26.655,27.025,27.155,26.5275
26.77,26.66,26.83,26.54
26.77,27.035,27.15,26.615
27.035,26.625,27.325,26.585
26.405,26.265,26.4225,25.99
26.08,26.755,26.845,26
26.77,26.51,26.86,26.2913
26.44,26.45,26.585,26.155
26.375,26.345,26.725,26.26
26.415,25.67,26.6,25.555
25.51,25.565,25.81,25.335
25.535,25.815,25.855,25.425
25.725,25.9,25.95,25.635
25.9825,25.94,26.045,25.855
25.935,25.78,26.01,25.775
25.895,25.87,25.9,25.66
25.755,25.59,25.7705,25.59
25.64,25.455,25.645,25.36
25.495,25.5,25.725,25.4375
25.47,25.335,25.65,25.31
25.39,25.12,25.405,24.99
25.135,24.63,25.15,24.35
24.525,24.805,24.805,24.37
24.62,24.72,24.81,24.48
24.505,24.43,24.735,24.345
24.335,24.26,24.58,24.25
24.33,24.655,24.695,24.325
24.695,24.62,24.785,24.555
24.57,24.72,24.76,24.4587
24.635,24.745,24.805,24.445
24.54,24.335,24.5425,24.105
24.44,24.355,24.625,24.125
24.385,24.635,24.675,24.12
24.56,24.91,24.95,24.5349
24.935,24.865,25.075,24.83
24.89,24.825,25.01,24.67
24.89,25.02,25.1439,24.78
24.955,24.74,25.375,24.67
24.76,23.745,24.975,23.745
23.725,23.57,23.855,23.4575
23.425,23.85,23.925,23.38
23.73,23.67,23.785,23.55
23.69,23.82,23.96,23.67
23.865,23.87,23.995,23.7
23.845,23.76,23.89,23.62
23.695,23.425,23.705,23.31
23.49,23.66,23.67,23.2875
23.675,23.975,24.09,23.525
24.09,23.67,24.12,23.455
23.62,24.06,24.125,23.56
23.905,23.94,24.105,23.83
23.92,24.165,24.185,23.675
24.09,24.335,24.45,24
24.3225,23.925,24.38,23.865
23.8,23.29,24.105,23.29
23.545,23.93,23.93,23.435
23.855,24.1,24.115,23.77
24.115,24.175,24.175,23.985
24.0855,23.98,24.095,23.82
23.88,23.63,23.995,23.505
23.48,23.565,23.815,23.3975
23.68,23.705,23.815,23.605
23.545,23.455,23.55,23.415
23.5175,23.64,23.7445,23.475
23.735,23.445,23.75,23.39
23.49,23.365,23.565,23.2275
23.195,23.225,23.4325,23.025
23.23,22.975,23.2737,22.91
23.0275,22.58,23.115,22.56
22.675,22.39,22.7075,22.31
22.165,22.42,22.585,22.045
22.3075,22.525,22.565,22.28
22.55,22.565,22.9425,22.525
22.82,22.455,22.925,22.375
22.505,22.575,22.65,22.31
22.725,22.65,22.725,22.55
22.805,22.575,22.88,22.52
22.5575,22.115,22.655,22.115
22.37,22.01,22.435,21.97
22.05,21.72,22.065,21.68
21.625,21.895,21.925,21.5975
21.845,22.06,22.175,21.805
21.97,22.04,22.17,21.85
22.2,22.235,22.41,22.165
22.205,22.255,22.39,22.115
22.135,22.25,22.27,21.925
22.225,22.285,22.385,22.2
22.21,22.295,22.345,22.115
21.985,21.825,22.065,21.77
21.745,21.925,21.965,21.705
21.9,21.365,21.945,21.365
21.42,21.225,21.42,21.205
21.1475,21.28,21.35,21.0425
21.24,21.395,21.435,21.0625
21.27,21.49,21.6025,21.16
21.53,21.44,21.62,21.295
21.37,21.305,21.58,21.2225
21.045,21.285,21.285,20.975
21.22,20.91,21.355,20.86
20.96,20.885,21.105,20.725
20.9,20.585,21.095,20.53
20.72,20.975,21.045,20.645
20.93,21,21.075,20.7625
21.01,20.98,21.085,20.935
20.915,21.23,21.235,20.66
21.345,21.205,21.415,21.075
21.095,21.29,21.38,21.06
21.27,21.445,21.46,21.1612
21.5025,21.845,21.85,21.31
21.93,22.395,22.4,21.895
22.425,22.33,22.5,22.1625
22.39,22.19,22.435,22.135
22.31,22.39,22.55,22.27
22.47,22.77,22.865,22.44
22.59,22.385,22.655,22.315
22.495,22.715,22.815,22.355
22.815,22.77,22.98,22.77
22.86,22.945,22.945,22.695
22.92,22.885,23.1625,22.8451
22.54,22.125,22.695,21.965
21.355,21.645,21.75,21.33
21.7,21.745,21.83,21.665
21.865,21.905,21.95,21.705
22.085,22.345,22.405,21.985
22.48,22.57,22.8125,22.32
22.57,22.475,22.705,22.4
22.465,22.635,22.725,22.255
22.285,22.24,22.3162,22.065
22.17,22.025,22.315,22.02
21.935,22.075,22.12,21.8325
21.995,22.08,22.17,21.875
22.075,22.28,22.3175,22.02
22.34,22.215,22.35,22.045
22.23,21.73,22.3225,21.635
21.455,21.355,21.515,21.24
21.335,21.435,21.54,21.32
21.205,20.975,21.255,20.92
20.85,20.88,20.96,20.62
20.575,20.21,20.64,20.205
20.375,20.22,20.61,20.13
20.33,20.945,20.965,20.315
20.875,20.05,20.995,20.05
20.15,20.275,20.435,20.13
20.095,20.245,20.315,20.05
20.085,20.015,20.165,19.845
19.89,19.685,20,19.665
19.885,19.61,19.91,19.445
19.455,19.895,19.895,19.375
20.105,20.255,20.41,20.065
20.195,20.11,20.355,20.08
20.04,20.085,20.29,19.85
19.87,19.805,19.94,19.57
19.875,19.7,19.9475,19.455
19.76,20.18,20.195,19.63
20.08,20.235,20.2875,19.9625
20.335,20.59,20.605,20.25
20.59,20.26,20.64,20.165
20.12,20.13,20.17,19.805
20.095,20.48,20.485,20.03
20.46,20.26,20.555,20.155
20.23,20.125,20.23,19.755
20.0825,20.445,20.445,20.075
20.475,20.46,20.625,20.45
20.395,20.88,20.895,20.3859
20.91,21.125,21.24,20.76
20.975,20.71,20.975,20.6625
20.91,20.795,20.935,20.685
20.89,20.97,21.32,20.77
21.115,20.805,21.205,20.7675
20.76,21.235,21.28,20.655
21.32,21.585,21.595,21.0835
21.435,21.75,21.865,21.375
21.8645,21.725,21.87,21.4875
21.665,21.64,21.82,21.52
21.595,21.54,21.6,21.285
21.54,21.545,21.6775,21.455
21.48,21.585,21.645,21.375
21.6375,21.47,21.68,21.455
21.525,21.485,21.625,21.415
21.39,21.23,21.42,21.1675
21.27,21.07,21.375,21.07
21.055,20.855,21.1,20.825
20.93,20.99,21.235,20.83
20.65,20.83,20.84,20.565
20.745,20.81,20.845,20.64
20.685,20.4,20.765,20.32
20.375,20.37,20.51,20.305
20.335,20.525,20.64,20.27
20.45,20.39,20.465,20.14
20.235,20.245,20.31,20.125
20.28,19.93,20.305,19.83
19.995,20.36,20.38,19.975
20.3075,20.56,20.64,20.265
20.705,20.74,20.815,20.62
20.575,20.935,20.935,20.55
21,20.935,21.06,20.885
20.905,20.9,20.98,20.825
20.8075,20.64,20.89,20.6
20.64,20.815,20.91,20.46
20.815,20.8,20.855,20.635
20.78,20.695,20.82,20.465
21.06,20.89,21.15,20.815
20.91,21.14,21.305,20.775
21.148,20.725,21.18,20.715
20.69,20.73,21.0325,20.54
20.99,20.835,21.005,20.76
20.875,20.645,20.88,20.575
20.735,20.96,21,20.655
20.8575,20.71,20.91,20.635
20.61,20.32,20.615,20.255
20.2,20.385,20.45,20.08
20.49,20.255,20.545,20.225
20.065,20.175,20.22,19.765
20.185,20.125,20.25,19.9255
20.355,20.435,20.62,20.295
20.58,20.395,20.62,20.28
20.295,20.395,20.41,20.165
20.36,20.535,20.535,20.2525
20.5675,20.415,20.57,20.36
20.5,20.43,20.585,20.2375
20.31,20.415,20.495,20.305
20.425,20.575,20.655,20.36
20.475,20.35,20.52,20.315
20.19,19.935,20.24,19.815
20.015,19.86,20.0275,19.73
19.895,20.035,20.1893,19.895
20.075,19.885,20.165,19.725
19.845,19.76,19.885,19.725
19.705,20.03,20.16,19.665
19.955,19.91,20.045,19.815
20.04,20.36,20.415,19.98
20.475,20.76,20.865,20.46
20.725,20.635,20.785,20.6
20.62,20.135,20.6275,20.135
20.17,20.195,20.34,19.95
20.065,20.935,21,19.92
19.485,19.3,19.515,19.155
19.32,19.365,19.385,19.195
19.375,19.345,19.44,19.275
19.31,19.335,19.37,19.04
19.365,19.56,19.575,19.3
19.62,19.24,19.7375,19.11
19.095,19.225,19.255,18.905
19.3,19.2,19.31,19.065
19.04,19.25,19.465,18.945
19.515,19.64,19.67,19.43
19.555,19.795,19.795,19.475
19.785,19.95,19.955,19.755
19.88,19.96,19.96,19.75
19.79,20.11,20.125,19.785
20,19.945,20.06,19.9
19.905,20.09,20.125,19.8
20.1325,19.96,20.14,19.87
19.975,19.67,20.02,19.61
19.59,19.53,19.645,19.49
19.6,19.435,19.61,19.355
19.46,19.25,19.465,19.235
19.23,19.195,19.29,19.14
19.25,19.325,19.38,19.125
19.21,19.125,19.2747,19.06
19.08,18.86,19.08,18.605
18.95,18.925,19.02,18.825
19.035,19.1,19.145,18.95
19.045,19.245,19.29,18.99
19.26,19.025,19.285,19.025
18.68,18.2,18.7,18.15
18.27,18.335,18.495,18.26
18.495,18.665,18.68,18.195
18.65,18.635,18.7,18.45
18.68,18.555,18.73,18.55
18.615,18.815,18.83,18.505
19.045,19.025,19.11,18.925
19.005,19.03,19.095,18.945
19.025,18.855,19.075,18.64
18.7675,18.36,18.785,18.26
18.27,18.425,18.45,18.215
18.47,18.71,18.78,18.34
18.71,18.77,18.8822,18.66
18.7,18.735,18.775,18.615
18.625,18.475,18.77,18.45
18.515,18.625,18.665,18.41
18.5706,18.46,18.615,18.4025
18.44,18.6,18.645,18.35
18.6,18.53,18.625,18.485
18.54,18.685,18.705,18.49
18.5975,18.435,18.635,18.3775
18.43,18.35,18.45,18.215
18.33,18.13,18.355,17.9525
18.145,18.22,18.325,18.125
18.315,18.345,18.415,18.265
18.455,18.38,18.455,18.2775
18.245,18.325,18.325,18.13
18.28,17.98,18.3075,17.95
18.005,17.9,18.015,17.75
17.725,17.585,17.785,17.475
17.57,17.7,17.85,17.48
17.7,18.105,18.11,17.655
18.0557,18.05,18.2925,17.875
18.0825,18.055,18.12,17.92
18.06,18,18.155,17.925
18.1,18.21,18.415,18.095
18.29,18.41,18.465,18.02
18.585,18.705,18.75,18.585
18.715,18.69,18.7475,18.36
18.805,18.895,18.98,18.785
18.775,18.83,18.975,18.68
18.7625,18.8,18.925,18.56
18.78,18.315,18.89,18.315
18.18,18.34,18.45,18.1
18.21,18.305,18.426,18.165
18.215,18.28,18.345,18.035
18.515,18.43,18.585,18.3475
18.475,18.605,18.75,18.31
18.645,18.55,18.8,18.445
18.56,18.41,18.61,18.335
18.335,18.29,18.455,18.24
18.215,17.915,18.265,17.88
17.89,17.645,17.935,17.58
17.565,17.685,17.78,17.55
17.58,17.72,17.72,17.47
17.66,18.025,18.08,17.645
18.105,18.175,18.235,18.0825
18.27,18.36,18.49,18.23
18.25,18.22,18.35,18.125
18.0975,17.965,18.235,17.945
17.92,17.73,18.035,17.73
17.69,17.975,18.08,17.6425
17.8725,17.875,17.97,17.785
17.8925,17.685,17.935,17.64
17.56,17.955,17.9913,17.53
17.9275,18.335,18.45,17.915
18.215,18.08,18.27,18.015
18.1125,18.065,18.2675,17.975
17.9751,17.63,17.985,17.595
17.69,17.4,17.725,17.36
17.4225,17.455,17.53,17.36
17.53,17.665,17.705,17.44
17.65,17.6,17.725,17.52
17.625,17.25,17.6575,17.235
17.295,17.205,17.325,17.19
17.135,17.06,17.245,17.015
17.085,17.275,17.275,17.08
17.23,17.33,17.37,17.2175
17.325,16.985,17.33,16.95
16.855,16.745,16.88,16.71
16.7625,16.735,16.855,16.715
16.765,16.905,16.95,16.725
16.815,16.89,16.95,16.76
16.975,16.995,17.08,16.94
16.975,16.95,17.0325,16.88
16.985,16.97,17.045,16.92
16.975,16.925,17.0725,16.83
16.9725,16.93,17.01,16.905
16.985,16.97,17.075,16.95
17.02,16.95,17.1225,16.93
16.95,16.93,17.055,16.865
17.01,17.14,17.14,16.945
17.07,17.175,17.195,17.03
17.095,17.185,17.21,17
17.1775,17.405,17.4425,17.165
17.275,17.32,17.32,17.105
17.365,17.26,17.375,17.15
17.275,17.26,17.3625,17.18
17.255,17.26,17.325,17.06
17.275,17.54,17.58,17.255
17.47,17.32,17.53,17.205
17.305,17.275,17.545,17.225
17.06,16.745,17.23,16.69
16.775,16.795,17,16.74
16.275,16.105,16.365,16.09
16.105,16.155,16.28,16.04
16.1425,15.945,16.18,15.87
15.8025,15.96,16.125,15.775
15.68,15.775,15.785,15.55
15.7,15.72,15.745,15.525
15.685,15.825,15.895,15.645
16.09,16.145,16.21,16.025
16.19,16.19,16.39,16.095
16.195,16.125,16.22,15.9825
16.165,15.94,16.2,15.87
15.915,15.845,15.93,15.77
15.935,15.565,15.95,15.55
15.55,15.71,15.74,15.52
15.865,15.65,15.905,15.635
15.675,15.755,15.98,15.59
15.635,15.72,15.76,15.605
15.68,15.645,15.91,15.595
15.725,15.95,16.03,15.715
16.015,16.1175,16.2,15.95
16.1275,16.05,16.25,15.985
15.985,15.77,15.995,15.6025
15.52,15.415,15.545,15.28
15.52,15.385,15.65,15.355
15.2875,15.185,15.345,15.085
15.1625,15.34,15.35,15.105
15.415,15.375,15.475,15.285
15.3375,15.67,15.67,15.32
15.595,15.645,15.69,15.445
15.655,15.625,15.825,15.53
15.58,15.55,15.705,15.485
15.545,15.425,15.585,15.3
15.355,15.05,15.39,15.03
14.99,15.19,15.22,14.895
15.225,15.065,15.235,14.96
14.97,15.215,15.2975,14.95
15.135,14.915,15.165,14.91
15.005,15.05,15.145,14.955
14.8775,14.565,14.885,14.52
14.515,14.45,14.55,14.405
14.475,14.35,14.525,14.32
14.315,14.285,14.42,14.17
14.455,14.475,14.59,14.36
14.475,14.515,14.585,14.45
14.61,14.485,14.64,14.42
14.425,14.5,14.575,14.35
14.465,14.41,14.5825,14.345
14.395,14.365,14.42,14.195
14.48,14.355,14.56,14.31
14.355,14.14,14.375,14.045
14.1375,14.24,14.315,14.09
14.175,14.415,14.43,14.175
14.425,14.445,14.5975,14.405
14.425,14.445,14.665,14.365
14.445,14.595,14.665,14.41
14.69,14.78,14.91,14.685
14.815,14.7,14.86,14.66
14.585,14.56,14.725,14.525
14.7,14.755,14.83,14.56
14.815,14.625,14.895,14.56
14.725,15.015,15.095,14.715
15.18,15.25,15.375,15.07
15.2075,15.08,15.2801,14.77
15.3,15.14,15.4375,15.13
15.1725,15.105,15.23,15.085
15.14,15.145,15.22,14.945
15.12,14.76,15.17,14.755
14.825,14.8,14.87,14.69
14.675,14.59,14.75,14.565
14.52,14.64,14.64,14.425
14.725,14.775,14.88,14.71
14.7375,14.845,15.025,14.71
14.93,14.97,15.0138,14.9
15.045,14.94,15.095,14.855
14.8825,14.79,14.92,14.745
14.75,14.82,14.89,14.74
14.84,14.525,14.885,14.475
14.4875,14.435,14.54,14.365
14.325,14.59,14.6075,14.27
14.665,14.565,14.715,14.505
14.78,14.595,14.785,14.54
14.66,14.75,14.785,14.545
14.83,14.92,14.97,14.72
15.025,14.875,15.0725,14.7825
15.005,14.995,15.025,14.865
14.915,14.86,14.93,14.75
14.96,15.025,15.1,14.91
15.085,15.135,15.205,15.07
15.175,15.045,15.1925,14.975
14.9925,14.97,15,14.82
14.945,14.78,14.95,14.765
14.855,14.885,14.95,14.765
14.885,14.855,14.97,14.725
14.93,14.68,14.99,14.635
14.75,14.865,14.915,14.7
14.9,14.89,14.945,14.71
14.8925,15,15,14.86
15.02,14.915,15.025,14.825
14.805,14.845,14.925,14.775
14.92,14.905,14.9279,14.84
14.81,14.72,14.875,14.695
14.62,14.48,14.66,14.4
14.46,14.425,14.58,14.36
14.55,14.59,14.61,14.405
14.62,14.68,14.805,14.54
14.725,14.705,14.82,14.6425
14.7025,14.7,14.775,14.6325
14.685,14.6,14.695,14.52
14.595,14.455,14.695,14.45
14.595,14.96,14.96,14.525
14.905,14.615,14.915,14.59
14.64,14.485,14.645,14.41
14.535,14.555,14.585,14.455
14.585,14.25,14.635,14.2
14.3225,14.36,14.4,14.195
14.26,14.49,14.525,14.15
13.625,13.61,13.6775,13.465
13.705,13.695,13.76,13.635
13.5875,13.63,13.675,13.5
13.73,13.635,13.75,13.555
13.625,13.525,13.645,13.42
13.545,13.5,13.5725,13.38
13.545,13.545,13.59,13.47
13.575,13.485,13.59,13.45
13.345,13.4,13.49,13.325
13.425,13.36,13.585,13.285
13.29,13.25,13.295,13.13
13.18,13.1,13.28,12.92
13.165,13.155,13.2925,13.1
13.155,13.17,13.405,13.08
13.06,12.88,13.11,12.805
12.93,12.905,12.95,12.8
12.965,12.965,13.16,12.89
13.035,12.94,13.055,12.875
12.935,12.86,12.97,12.83
12.86,12.765,12.915,12.655
12.7675,12.805,12.925,12.715
12.69,12.71,12.745,12.5733
12.75,12.72,12.815,12.655
12.71,12.695,12.8,12.605
12.7,12.77,12.85,12.665
12.605,12.43,12.685,12.425
12.3425,12.45,12.515,12.29
12.475,12.34,12.515,12.245
12.365,12.255,12.375,12.19
12.2475,12.14,12.35,12.14
11.855,11.865,11.93,11.83
11.915,11.785,11.93,11.755
11.7275,11.87,11.91,11.68
11.9,11.92,11.95,11.82
11.92,11.88,11.9575,11.82
11.815,11.8,11.8425,11.745
11.795,11.745,11.83,11.64
11.6975,11.63,11.83,11.6
11.4325,11.68,11.7,11.355
11.665,11.73,12,11.61
11.645,11.64,11.78,11.625
11.59,11.58,11.645,11.485
11.595,11.76,11.84,11.54
11.635,11.265,11.69,11.185
11.34,11.305,11.445,11.285
11.235,11.46,11.485,11.205
11.565,11.545,11.665,11.375
11.595,11.62,11.745,11.535
11.575,11.945,11.945,11.49
11.68,11.645,11.85,11.435
11.285,11.35,11.4278,11.23
11.335,11.165,11.475,11.145
10.875,10.87,11.02,10.8457
10.875,10.75,10.94,10.695
10.5,10.465,10.635,10.45
10.535,10.61,10.68,10.535
10.695,10.7,10.74,10.5325
10.76,10.545,10.815,10.485
10.715,10.63,10.75,10.54
10.625,10.755,10.865,10.565
10.755,11.015,11.065,10.72
11.15,11.045,11.22,11.005
11.105,11.205,11.29,11.035
11.26,11.265,11.3725,11.17
11.085,10.89,11.14,10.855
10.805,11.12,11.13,10.74
11.38,11.4,11.435,11.125
11.325,11.345,11.4075,11.13
11.375,11.555,11.57,11.27
11.66,11.59,11.715,11.39
11.51,11.835,11.9301,11.465
11.49,11.465,11.63,11.285
11.725,11.895,11.935,11.675
11.925,12.175,12.265,11.7275
12.295,12.595,12.66,11.955
12.4,12.185,12.495,12.08
12.105,12.255,12.31,12.065
12.335,12.155,12.385,12.115
12.1625,11.895,12.18,11.88
11.785,11.805,11.935,11.515
11.77,11.89,12.01,11.665
11.89,11.73,12.02,11.5
11.71,11.895,11.935,11.63
11.97,11.855,12.015,11.74
11.78,11.765,11.845,11.65
11.8,11.585,11.91,11.48
11.49,11.495,11.61,11.41
11.525,11.23,11.525,11.23
11.03,11.095,11.185,10.9325
11.045,10.795,11.06,10.7625
10.815,10.63,10.835,10.44
10.585,9.985,10.605,9.86
10.18,10.315,10.595,10.17
10.46,10.695,10.77,10.44
10.845,11.17,11.24,10.65
10.9975,11.195,11.44,10.955
11.165,11.15,11.405,11.055
10.95,10.75,10.985,10.625
10.7,10.445,10.76,10.31
10.51,10.635,10.7,10.3175
10.93,11.325,11.365,10.915
11.36,11.495,11.7,11.3475
11.43,11.3,11.485,11.19
11.47,11.37,11.48,11.23
11.305,11.135,11.33,11.07
10.99,11,11.155,10.795
10.92,10.62,10.955,10.57
10.57,10.3,10.59,10.245
10.455,10.625,10.65,10.375
10.71,10.65,10.835,10.625
10.695,10.465,10.725,10.415
10.355,10.195,10.385,10.125
10.4975,10.625,10.6775,10.4225
10.81,10.75,10.9695,10.71
10.755,10.74,10.955,10.64
10.66,10.575,10.75,10.5
10.62,10.41,10.63,10.33
10.285,10.11,10.345,9.785
10.115,10.31,10.395,10.075
10.285,10,10.345,9.955
10.03,9.905,10.04,9.77
9.89,10.225,10.225,9.855
9.98,9.995,10.29,9.975
10.14,10.375,10.465,10.045
10.665,10.655,10.79,10.495
10.61,10.55,10.6825,10.435
10.635,10.34,10.6675,10.33
10.32,10.265,10.3925,10.17
10.295,9.835,10.435,9.73
9.89,10.03,10.29,9.86
10.3525,10.37,10.435,9.595
10.215,10.74,10.905,10.215
10.94,11.06,11.26,10.59
10.9,11.22,11.25,10.815
11.385,11.475,11.555,11.175
11.365,11.795,11.875,11.36
11.925,12.075,12.16,11.785
12.01,12.02,12.17,11.935
12.085,12.285,12.3,12.065
12.33,12.555,12.565,12.28
12.62,12.51,12.69,12.45
12.515,12.315,12.58,12.2775
12.425,12.285,12.45,12.22
12.29,12.105,12.4025,12.09
12.045,12.215,12.28,12.03
12.235,12.05,12.285,12.035
11.9675,12.035,12.075,11.8138
12.065,12.195,12.195,11.9675
12.2125,12.34,12.43,12.18
12.285,12.425,12.485,12.26
12.31,12.555,12.605,12.31
12.515,12.64,12.7475,12.45
12.755,12.67,12.8075,12.58
12.79,12.84,12.9075,12.77
12.745,13,13.025,12.715
12.985,12.875,13.07,12.85
12.865,12.65,12.895,12.585
12.67,12.5,12.735,12.485
12.47,12.405,12.575,12.395
12.38,12.15,12.385,12.09
12.135,11.825,12.23,11.765
11.79,12.02,12.03,11.72
11.855,11.87,11.88,11.68
11.96,11.96,12.105,11.925
12.025,11.875,12.045,11.795
11.845,11.78,11.94,11.73
11.825,11.87,11.875,11.7598
11.72,11.715,11.815,11.66
11.73,11.87,11.9,11.695
11.965,11.95,12.05,11.92
11.855,11.95,11.96,11.785
11.945,11.955,12.055,11.92
12.155,12.11,12.185,12.03
12.06,11.94,12.19,11.94
12.01,12,12.21,11.965
11.96,12.125,12.165,11.94
12.115,12.16,12.265,12.025
12.315,12.235,12.375,12.195
12.22,12.55,12.585,12.19
12.62,12.53,12.62,12.465
12.445,12.46,12.555,12.405
12.465,12.365,12.53,12.195
12.22,12.195,12.29,12.09
12.195,12.32,12.36,12.14
12.275,12.39,12.415,12.175
12.56,12.675,12.68,12.485
12.69,12.71,12.735,12.53
12.685,12.465,12.685,12.36
12.51,12.305,12.5201,12.27
12.355,12.485,12.5,12.345
12.565,12.725,12.76,12.485
12.72,12.6965,12.7851,12.58
12.755,12.83,12.85,12.575
12.91,12.72,12.955,12.68
12.64,12.725,12.78,12.58
12.72,12.915,12.945,12.705
12.78,12.895,12.995,12.7
12.98,13.525,13.58,12.94
13.305,13.35,13.46,13.17
13.34,13.155,13.45,13.035
13.105,13.015,13.12,12.9549
13.065,12.915,13.105,12.885
12.92,12.835,12.945,12.745
12.795,12.66,12.805,12.655
12.645,12.63,12.67,12.541
12.67,12.395,12.68,12.39
12.435,12.32,12.455,12.27
12.145,12.02,12.1675,11.95
11.98,12.035,12.1475,11.925
12.245,12.145,12.375,12.075
12.125,12.01,12.2025,11.911
12.1,12.185,12.205,11.925
12.155,12.165,12.255,12.0898
12.275,12.385,12.435,12.24
12.34,12.395,12.515,12.3075
12.32,12.37,12.47,12.27
12.415,12.6,12.62,12.345
12.58,12.65,12.685,12.51
12.63,12.605,12.645,12.475
12.605,12.4,12.6575,12.375
12.36,12.33,12.415,12.25
12.3488,12.3,12.395,12.265
12.26,12.185,12.335,12.115
12.215,12.52,12.56,12.19
12.51,12.435,12.575,12.375
12.3663,12.135,12.415,12.065
12.05,11.96,12.11,11.825
12.03,12.055,12.175,11.965
12.085,12.075,12.1701,11.955
11.93,12.235,12.24,11.929
12.0375,11.885,12.095,11.85
11.72,11.96,12.055,11.656
12.08,11.925,12.17,11.87
12.245,12.37,12.41,12.105
12.475,12.28,12.615,12.275
12.36,12.475,12.495,12.195
12.6555,12.74,12.795,12.585
12.78,12.71,12.91,12.62
12.71,12.855,12.91,12.5075
12.775,12.84,12.885,12.6225
12.885,12.64,12.93,12.61
12.535,12.625,12.675,12.495
12.64,12.895,12.955,12.625
12.88,12.675,12.91,12.655
12.63,12.495,12.68,12.385
12.47,12.415,12.5,12.265
12.44,12.57,12.65,12.355
12.565,12.67,12.8203,12.515
12.835,12.595,12.87,12.485
12.61,12.53,12.695,12.44
12.565,12.465,12.68,12.345
12.08,11.89,12.08,11.865
11.935,11.965,12,11.82
11.9987,11.83,12.04,11.775
11.89,11.7,11.9,11.695
11.765,11.85,11.855,11.735
11.83,11.74,11.835,11.7
11.77,11.62,11.805,11.515
11.6355,11.58,11.69,11.485
11.605,11.505,11.635,11.425
11.535,11.64,11.705,11.46
11.7,11.45,11.725,11.4
11.375,11.4,11.62,11.37
11.42,11.655,11.8,11.34
11.655,11.66,11.895,11.635
11.66,11.66,11.78,11.635
11.67,11.745,11.8,11.54
11.8,11.75,11.835,11.73
11.7653,11.63,11.9,11.62
11.63,11.485,11.72,11.455
11.55,11.48,11.84,11.46
11.39,11.38,11.5175,11.345
11.36,11.21,11.365,11.205
11.27,11.245,11.3325,11.215
11.2655,11.375,11.38,11.225
11.3,11.375,11.41,11.255
11.3588,11.28,11.41,11.235
11.3488,11.435,11.435,11.28
11.3795,11.33,11.515,11.325
11.37,11.11,11.395,11.11
11.2213,11.15,11.2312,11.065
11.185,11.085,11.3,11.025
10.985,11.015,11.03,10.885
11.04,10.96,11.07,10.92
10.975,11.045,11.1,10.96
11.04,11.055,11.09,10.895
11.05,11.08,11.13,10.9825
11.09,11.08,11.16,11.005
11.1,11.135,11.185,11.03
11.125,11,11.15,10.9251
10.965,10.785,10.995,10.71
10.71,10.805,10.84,10.685
10.825,10.815,10.925,10.79
10.805,11,11.04,10.805
10.995,10.81,11.1975,10.77
10.66,10.675,10.695,10.585
10.655,10.48,10.655,10.465
10.424,10.425,10.475,10.33
10.395,10.415,10.455,10.35
10.395,10.38,10.4475,10.33
10.301,10.31,10.365,10.225
10.355,10.335,10.405,10.255
10.36,10.405,10.465,10.29
10.415,10.125,10.5495,10.125
10.0175,9.94,10.1,9.925
10.105,9.995,10.15,9.94
10.11,10.12,10.225,10.045
10.19,10.135,10.25,10.1
10.075,10.09,10.13,10.02
10.2,10.185,10.29,10.06
10.28,10.27,10.285,10.105
10.285,10.275,10.35,10.25
10.195,10.12,10.245,10.06
10.13,10.16,10.34,10.09
10.2945,10.25,10.41,10.245
10.215,10.23,10.365,10.1775
10.34,10.24,10.435,10.14
10.365,10.365,10.41,10.27
10.385,10.47,10.48,10.345
10.4537,10.45,10.495,10.36
10.52,10.51,10.58,10.44
10.53,10.44,10.595,10.395
10.335,10.345,10.4,10.25
10.3405,10.32,10.3875,10.27
10.25,10.285,10.405,10.16
10.3127,10.415,10.4338,10.28
10.43,10.2,10.475,10.2
10.135,9.76,10.24,9.735
9.82,9.82,9.935,9.8
9.885,9.81,9.95,9.755
9.73,9.745,9.77,9.585
9.7525,9.71,9.855,9.63
9.69,9.625,9.785,9.57
9.555,9.415,9.6,9.415
9.505,9.41,9.52,9.3725
9.4725,9.245,9.505,9.17
9.19,9.06,9.2425,9.055
9.07,9.035,9.11,8.985
9.01,8.965,9.025,8.86
9.01,8.96,9.025,8.905
8.995,8.945,9.03,8.85
8.945,8.925,9.015,8.455
8.88,9.015,9.015,8.785
9.0363,8.935,9.065,8.925
8.83,8.87,8.895,8.7575
8.9075,9.14,9.16,8.905
9.04,9.105,9.105,8.905
9.075,9.125,9.165,8.965
9.1675,9.2,9.33,9.045
9.155,9.245,9.255,9.125
9.285,9.1,9.295,9.0375
8.96,8.92,9.12,8.825
8.975,9.135,9.225,8.935
9.0663,9.035,9.14,9.01
9.05,8.88,9.15,8.87
8.82,8.83,9.005,8.81
8.785,9.015,9.015,8.71
9.0175,8.84,9.205,8.75
8.895,9.18,9.205,8.89
9.211,9.25,9.28,9.065
9.2,9.025,9.245,8.9925
8.99,9.06,9.09,8.95
8.96,8.915,9.08,8.9
8.9,9.03,9.0725,8.845
9.105,9.12,9.185,8.9597
9.04,9.025,9.055,8.88
8.9697,8.785,9.065,8.77
8.5475,8.445,8.6375,8.425
8.5,8.575,8.62,8.5
8.625,8.59,8.655,8.44
8.515,8.69,8.77,8.495
8.6662,8.405,8.74,8.38
8.505,8.645,8.685,8.495
8.725,8.99,9.005,8.715
8.905,8.88,8.93,8.775
8.92,8.965,9.02,8.795
9.055,8.895,9.175,8.875
8.88,8.94,9.005,8.86
8.875,8.915,8.975,8.805
8.935,9,9.055,8.915
9.085,8.875,9.1305,8.835
9.005,9.11,9.17,8.985
9.305,9.245,9.35,9.13
9.365,9.375,9.425,9.32
9.32,9.37,9.38,8.985
9.47,9.53,9.65,9.445
9.615,9.675,9.7,9.52
9.605,9.71,9.75,9.52
9.74,9.865,9.9,9.655
9.735,9.425,9.855,9.415
9.565,9.805,9.88,9.43
9.78,9.56,9.86,9.42
9.665,9.74,9.79,9.5325
9.735,9.66,9.745,9.585
9.66,9.42,9.705,9.38
9.41,9.235,9.5,9.23
9.175,9.425,9.435,9.055
9.43,9.37,9.475,9.29
9.505,9.265,9.545,9.235
9.27,9.655,9.675,9.24
9.655,9.51,9.67,9.435
9.49,9.51,9.61,9.43
9.51,9.35,9.61,9.32
9.255,8.96,9.295,8.925
9.035,8.945,9.045,8.88
8.92,8.98,9.005,8.8187
8.92,8.9,8.935,8.765
8.9,8.8,9.05,8.785
8.73,8.835,8.875,8.655
8.87,8.66,8.885,8.535
8.685,8.835,8.885,8.66
8.84,8.955,8.985,8.745
9.055,8.855,9.095,8.81
8.835,8.915,8.945,8.78
8.91,9.01,9.085,8.86
9.09,9.115,9.235,9.045
9.12,9.205,9.33,9.115
9.175,9.33,9.44,9.1
9.255,9.35,9.39,9.225
9.29,9.225,9.295,9.17
9.195,9.31,9.34,9.155
9.325,9.175,9.365,9.135
9.075,9.165,9.2775,9.075
9.095,8.965,9.115,8.8525
9.035,8.855,9.045,8.79
8.7075,8.765,8.98,8.695
8.715,8.695,8.7813,8.565
8.68,8.9,8.91,8.6725
8.895,9.04,9.1,8.865
9.2,9.17,9.225,9.07
9.19,9.045,9.2,8.95
9.01,8.87,9.185,8.865
9.045,9.02,9.165,8.985
9.165,8.995,9.17,8.9525
8.86,8.88,9.23,8.825
8.835,8.23,8.86,8.15
8.385,8.445,8.56,8.305
8.515,8.225,8.89,8.18
8.3938,8.635,8.655,8.385
8.79,8.8313,8.885,8.62
8.8462,9.11,9.2,8.8
9.05,8.814,9.075,8.755
8.8,8.865,8.885,8.675
8.88,9.12,9.13,8.805
9.09,9.02,9.17,8.97
9.04,8.95,9.2942,8.825
9.015,9.365,9.54,8.865
9.18,9.21,9.435,9
9.255,9.73,9.745,8.825
9.87,9.955,10.145,9.765
9.935,10.135,10.135,9.78
10.195,9.885,10.28,9.885
9.885,9.885,9.935,9.73
10,9.42,10.045,9.42
9.405,9.5,9.6,9.2
9.23,9.5,9.565,9.185
9.54,9.44,9.5962,9.41
9.48,9.34,9.49,9.31
9.4,9.205,9.445,9.13
9.265,9.265,9.305,9.18
9.27,9.31,9.36,9.24
9.29,9.145,9.305,9.125
9.16,9.42,9.43,9.13
9.43,9.465,9.4975,9.35
9.465,9.315,9.475,9.24
9.335,9.305,9.355,9.245
9.315,9.255,9.36,9.225
9.25,9.245,9.285,9.205
9.215,9.09,9.26,9.085
9.145,9.34,9.405,9.01
9.38,9.29,9.46,9.29
9.41,9.4031,9.49,9.34
9.43,9.41,9.52,9.31
9.415,9.3,9.47,9.285
9.37,9.205,9.42,9.205
9.25,9.1325,9.29,9.125
9.17,9.255,9.375,9.13
9.22,9.12,9.335,9.08
9.09,8.975,9.115,8.975
9.045,8.91,9.065,8.855
8.89,8.705,8.94,8.7
8.765,8.9225,8.935,8.675
8.835,8.84,8.865,8.735
8.79,8.7,8.87,8.7
8.745,8.86,8.87,8.69
8.765,8.765,8.78,8.66
8.71,8.745,8.83,8.65
8.785,8.71,8.785,8.645
8.765,8.71,8.84,8.685
8.755,8.79,8.825,8.7025
8.78,8.66,8.835,8.62
8.715,8.59,8.725,8.585
8.585,8.5,8.6,8.47
8.48,8.445,8.495,8.39
8.4,8.415,8.485,8.35
8.415,8.25,8.445,8.25
8.22,8.115,8.235,8.035
8.07,8.08,8.13,7.975
8.21,8.135,8.235,8.05
8.07,8.05,8.155,8.015
8.095,8.05,8.145,8.005
8,7.82,8.02,7.775
7.865,7.85,7.9,7.8
7.83,7.885,7.885,7.8
7.835,7.795,7.855,7.725
7.67,7.575,7.685,7.55
7.665,7.63,7.715,7.555
7.655,7.72,7.72,7.59
7.695,7.69,7.85,7.635
7.605,7.725,7.735,7.6
7.71,7.755,7.865,7.575
7.76,7.9,7.975,7.76
7.985,8.274,8.3,7.925
8.145,7.925,8.175,7.92
7.97,8.04,8.05,7.93
7.915,7.875,8.065,7.755
7.81,7.985,8.06,7.775
7.925,7.815,8.045,7.79
7.85,7.955,8.025,7.79
8.005,7.935,8.085,7.88
7.925,8.005,8.19,7.905
8,8.26,8.29,7.92
8.26,8.29,8.33,8.1
8.405,8.365,8.4305,8.31
8.315,8.37,8.41,8.195
8.335,8.41,8.415,8.305
8.385,8.34,8.425,8.31
8.255,8.375,8.375,8.205
8.405,8.435,8.5,8.365
8.46,8.465,8.535,8.405
8.485,8.355,8.53,8.275
8.31,8.39,8.4,8.265
8.37,8.465,8.49,8.275
8.485,8.375,8.565,8.375
8.43,8.53,8.575,8.43
8.535,8.56,8.6,8.48
8.54,8.5,8.6,8.5
8.535,8.6,8.6,8.475
8.585,8.49,8.6,8.48
8.555,8.555,8.62,8.485
8.6,8.72,8.73,8.565
8.685,8.65,8.79,8.65
8.62,8.525,8.64,7.09
8.555,8.665,8.665,8.46
8.755,8.805,8.875,8.725
8.785,8.68,8.835,8.645
8.785,8.89,8.89,8.695
8.82,8.815,8.89,8.74
8.79,8.775,8.94,8.7
8.77,8.635,8.81,8.6
8.68,8.56,8.705,8.455
8.635,8.1,8.645,8.1
8.065,8.095,8.19,7.855
7.955,7.795,8.03,7.755
7.47,7.465,7.525,7.38
7.48,7.45,7.55,7.39
7.33,7.4,7.42,7.275
7.44,7.33,7.495,7.26
7.535,7.555,7.57,7.485
7.56,7.525,7.585,7.45
7.545,7.58,7.675,7.4
7.505,7.515,7.545,7.47
7.52,7.54,7.5425,7.33
7.565,7.71,7.755,7.545
7.755,7.9,7.905,7.66
7.925,7.755,7.93,7.725
7.715,7.675,7.75,7.59
7.665,7.575,7.72,7.5475
7.55,7.5,7.555,7.425
7.425,7.585,7.605,7.385
7.575,7.365,7.58,7.32
7.295,7.115,7.385,7.0075
7.1,7.125,7.175,6.975
7.03,7.35,7.38,7
7.255,7.305,7.365,7.12
7.255,7.205,7.375,7.13
7.25,7.445,7.525,7.23
7.505,7.35,7.55,7.305
7.325,7.35,7.395,7.2
7.355,7.455,7.565,7.305
7.42,7.48,7.66,7.35
7.53,7.725,7.755,7.49
7.76,7.6,7.795,7.52
7.555,7.625,7.845,7.5531
7.68,7.715,7.785,7.5725
7.72,7.665,7.75,7.54
7.63,7.675,7.695,7.515
7.635,7.755,7.8525,7.63
7.68,7.745,7.77,7.63
7.68,7.68,7.82,7.615
7.64,7.73,7.795,7.5795
7.775,7.8,7.83,7.685
7.825,7.79,7.905,7.755
7.765,7.665,7.78,7.62
7.73,7.71,7.87,7.65
7.67,7.68,7.795,7.575
7.62,7.89,7.895,7.57
7.835,8.195,8.4,7.795
8.44,8.685,8.695,8.38
8.69,8.52,8.715,8.505
8.52,8.41,8.525,8.37
8.345,8.345,8.41,8.26
8.36,8.465,8.49,8.28
8.42,8.635,8.64,8.405
8.605,8.6325,8.72,8.57
8.63,8.615,8.66,8.545
8.645,8.575,8.7025,8.465
8.525,8.74,8.745,8.495
8.775,8.695,8.84,8.575
8.71,8.69,8.77,8.625
8.72,8.52,8.72,8.46
8.605,8.555,8.625,8.495
8.575,8.375,8.575,8.365
8.425,8.24,8.44,8.17
8.235,8.175,8.285,8.125
8.165,7.75,8.205,7.69
7.74,7.705,7.775,7.65
7.71,7.565,7.765,7.525
7.575,7.61,7.805,7.525
7.66,7.78,7.87,7.615
7.855,7.795,7.93,7.73
7.775,7.55,7.815,7.485
7.57,7.6,7.675,7.5313
7.605,7.56,7.76,7.55
7.55,7.525,7.635,7.505
7.535,7.415,7.585,7.245
7.275,7.28,7.355,7.235
7.305,7.085,7.34,7.065
7.17,7.27,7.305,7.15
7.28,7.295,7.335,7.22
7.405,7.45,7.525,7.22
7.475,7.415,7.515,7.32
7.425,7.38,7.505,7.38
7.38,7.525,7.525,7.345
7.5,7.46,7.58,7.395
7.48,7.51,7.65,7.435
7.525,7.715,7.8,7.47
7.53,7.61,7.655,7.445
7.7,7.51,7.84,7.51
7.565,7.45,7.58,7.3838
7.43,7.495,7.545,7.365
7.51,7.41,7.605,7.375
7.295,7.43,7.4975,7.23
7.445,7.43,7.48,7.36
7.445,7.245,7.455,7.16
7.25,7.215,7.265,7.12
7.245,7.085,7.27,7.005
7.075,7.14,7.16,7.03
7.155,7.275,7.32,7.035
7.25,7.045,7.26,7.045
7.075,7.105,7.105,6.95
7.08,7.06,7.105,6.9575
7.05,6.835,7.06,6.775
6.78,6.755,6.845,6.725
6.76,6.605,6.77,6.52
6.63,6.665,6.745,6.54
6.695,6.78,6.835,6.65
6.75,6.68,6.82,6.66
6.65,6.915,6.925,6.63
6.95,6.89,7.005,6.865
6.945,7.155,7.235,6.9
7.235,7.215,7.4,7.21
7.23,7.18,7.25,7.07
7.18,7.115,7.21,7.05
7.11,7.11,7.205,7.01
7.18,6.885,7.24,6.85
6.915,6.885,7.02,6.86
6.895,6.81,6.985,6.81
6.81,6.825,6.9125,6.69
6.935,7,7.04,6.87
6.935,6.935,7.0503,6.865
6.93,6.81,6.985,6.76
6.765,6.92,6.99,6.72
6.91,7.095,7.1,6.85
7.175,7.175,7.2,7.02
7.255,7.115,7.405,7.11
7.145,7.295,7.315,6.975
7.2,7.19,7.28,7.08
7.175,7.01,7.2797,6.915
7.055,7.3,7.32,6.965
7.235,7.115,7.25,7.01
7.095,7.2,7.225,6.975
7.23,6.935,7.31,6.925
6.96,6.965,7.04,6.92
6.885,7.07,7.085,6.585
7.095,7.17,7.415,6.99
7.15,7.31,7.385,7.09
7.34,7.01,7.435,6.99
7.11,7.21,7.245,7.055
7.225,7.34,7.37,7.115
7.435,7.52,7.6175,7.39
7.5,7.59,7.6875,7.475
7.58,7.245,7.585,7.245
7.21,7.39,7.45,7.165
7.43,7.54,7.575,7.395
7.48,7.45,7.635,7.375
7.6,7.77,7.775,7.435
7.705,7.73,7.805,7.64
7.875,8,8,7.755
7.845,7.96,8.14,7.76
8,8.14,8.2,7.815
8.125,8.32,8.5,7.955
8.325,8.18,8.53,8.105
8.18,8.04,8.245,7.87
7.73,8.1,8.15,7.685
7.62,7.175,7.67,7.175
7.095,6.805,7.19,6.795
6.88,6.775,6.925,6.625
6.945,6.825,7.02,6.71
6.805,6.93,6.985,6.66
7.025,7.005,7.175,7
7.135,6.96,7.155,6.905
6.965,7.06,7.14,6.895
7.24,7.46,7.46,7.125
7.38,7.195,7.425,7.105
7.19,6.86,7.21,6.85
6.93,7.085,7.115,6.875
7.175,7.165,7.26,7.04
7.31,7.205,7.34,7.16
7.13,7.08,7.13,6.9147
7.02,7.05,7.125,6.995
7.18,7.165,7.235,7.09
7.25,7.325,7.375,7.1
7.285,7.065,7.37,7.015
6.96,6.715,6.99,6.635
6.82,6.905,6.93,6.755
6.825,7.135,7.165,6.765
7.27,7.175,7.315,7.045
7.275,7,7.295,6.97
6.97,6.965,7.19,6.765
6.995,6.955,7.235,6.89
7.04,6.575,7.06,6.5
6.36,6.595,6.675,6.245
6.525,6.815,6.825,6.44
6.785,6.565,6.925,6.53
6.635,6.34,6.65,6.29
6.285,6.565,6.75,6.27
6.515,6.62,6.705,6.3
6.46,6.11,6.49,6.0575
6.185,6.115,6.34,6.105
6.105,5.75,6.125,5.67
5.61,5.735,5.98,5.55
5.815,5.955,6.155,5.635
6,6.205,6.28,5.95
6.37,6.31,6.47,6.185
6.25,6.4,6.56,6.195
6.295,6.405,6.435,6.16
6.53,6.6425,6.775,6.495
6.67,7.015,7.1,6.67
7.025,6.875,7.215,6.78
6.94,6.325,6.965,6.31
6.345,6.435,6.7,6.32
6.42,6.465,6.575,6.29
6.495,6.34,6.695,6.29
6.18,6.49,6.495,5.975
6.445,6.475,6.59,6.29
6.83,6.89,6.975,6.675
6.89,6.675,6.915,6.59
6.785,6.83,6.935,6.645
6.77,7.1,7.285,6.715
7.205,7.17,7.25,6.94
7.085,6.885,7.25,6.87
6.915,7,7.08,6.785
7.08,6.9175,7.445,6.795
7.34,7.35,7.41,7.155
7.35,7.275,7.425,7.205
7.325,7.675,7.815,7.285
7.665,7.86,8.055,7.635
7.98,7.575,7.99,7.5725
7.46,7.535,7.6775,7.4
7.525,7.485,7.75,7.375
7.495,7.195,7.575,7
7.395,7.345,7.54,7.115
7.535,7.075,7.535,7.025
7.01,7.645,7.69,7.005
7.665,7.58,7.77,7.38
7.505,7.35,7.6375,7.125
7.405,7.565,7.64,7.32
7.665,7.845,7.9,7.595
7.85,8.14,8.195,7.75
8.165,8.51,8.52,8.135
8.455,8.265,8.525,8.235
8.32,8.4775,8.495,8.16
8.615,8.57,8.805,8.49
8.515,8.9,8.93,8.455
8.995,8.36,9.05,8.335
8.44,8.145,8.47,8.14
8.23,7.64,8.24,7.64
7.765,7.8,7.825,7.53
7.8,7.76,7.845,7.64
7.695,7.8339,7.865,7.6487
7.765,7.92,8.005,7.7038
7.845,7.885,7.95,7.69
7.88,8,8.285,7.815
7.905,8.25,8.335,7.76
8.17,8.135,8.335,8.05
8.225,7.725,8.25,7.715
7.8,7.805,8.01,7.6
7.825,7.86,8.04,7.5911
7.985,8.11,8.3075,7.95
8.225,8.205,8.425,7.965
8.205,8.16,8.395,8.135
8.275,8.115,8.32,8.06
8.08,7.7,8.135,7.44
7.89,7.86,8.145,7.665
8.03,7.775,8.0508,7.555
8,7.875,8.08,7.74
7.725,8.375,8.4725,7.7215
8.67,8.325,8.7,8.15
8.325,7.725,8.325,7.71
7.85,7.84,7.995,7.52
7.64,7.075,7.67,7.02
7.035,6.745,7.035,6.365
6.65,6.985,7.28,6.4
6.885,7.765,7.99,6.86
7.71,7.6825,7.725,7.31
7.595,7.75,7.925,7.46
7.765,8.05,8.38,7.74
8.13,7.435,8.18,7.16
7.485,7.79,7.81,7.47
7.87,8.205,8.215,7.63
8.27,8.93,9,8.075
8.705,8.525,8.72,8.3225
8.35,8.325,8.58,8.195
8.45,8.85,8.8675,8.45
8.885,8.76,9.015,8.56
8.545,7.885,8.685,7.875
7.88,7.505,8.15,7.34
7.55,7.96,8.41,7.275
7.64,8.175,8.175,7.54
8.48,6.89,8.87,6.82
6.81,6.435,7.075,6.38
6.535,6.505,8.125,6.25
7.11,7.125,7.19,6.605
7.1,7.515,7.555,6.9
7.68,7.87,8.075,7.65
7.985,7.64,7.985,7.61
7.615,7.475,8.94,7.295
7.68,7.145,7.705,6.92
7.115,8.195,8.27,7.08
8.32,8.965,9.23,8.15
8.485,7.815,8.515,7.725
7.68,7.965,8.13,7.005
8.155,8.465,8.835,8.04
8.495,8.195,8.96,8.125
8.575,9.09,9.54,8.573
9.07,8.93,9.205,8.425
9.21,9.33,9.635,9.19
9.175,9.675,9.78,9.15
9.675,9.81,9.81,9.525
9.815,9.215,9.82,9.195
9.005,10.01,10.255,8.94
10.35,9.865,10.385,9.83
9.95,9.695,10.05,9.69
9.59,9.7982,9.7982,9.495
9.63,9.975,10.125,9.57
9.94,10.24,10.35,9.925
10.355,10.46,10.655,4.6
10.22,9.925,10.325,9.74
9.735,10.02,10.19,9.73
10.27,10.235,10.595,10.045
10.43,10.665,10.74,10.4
10.855,10.76,10.94,10.57
10.765,10.465,10.78,10.455
10.56,10.465,10.675,10.285
10.355,10.7,10.87,10.344
10.66,10.495,10.67,10.395
10.305,10.445,10.525,10.205
10.425,10.67,10.81,10.425
10.775,10.5725,10.815,10.535
10.58,10.75,10.975,10.5
10.59,10.71,10.75,10.565
10.83,10.69,10.87,10.655
10.64,10.59,10.8025,10.505
10.545,10.4,10.615,10.345
10.4,10.805,10.805,10.385
10.855,10.7775,10.91,10.635
10.735,10.59,10.775,10.475
10.64,10.8275,10.875,10.55
10.745,10.77,10.87,10.68
10.91,11.19,11.2,10.85
11.14,11.005,11.27,10.97
11,10.83,11.11,10.83
10.93,10.88,11.005,10.775
10.915,10.88,11.04,10.725
10.91,10.775,11,10.725
10.86,10.575,10.875,10.525
10.505,10.5465,10.625,10.42
10.62,10.77,10.78,10.475
10.765,10.395,10.78,10.37
10.275,10.18,10.335,10.1
10.175,10.43,10.475,10.115
10.31,10.02,10.57,10.015
10.035,9.85,10.295,9.84
9.59,9.49,9.8011,9.4125
9.45,9.815,9.815,9.425
9.81,9.99,9.99,9.745
9.935,9.87,10.065,9.775
10.025,9.945,10.14,9.735
9.915,9.94,10.025,9.745
9.88,10.09,10.15,9.86
10.12,9.895,10.155,9.755
9.855,9.8,9.965,9.685
9.515,9.155,9.53,9.105
9.205,9.12,9.345,8.985
9.145,9.23,9.375,9.09
9.245,9.23,9.405,9.075
9.33,9.3,9.4,9.085
9.24,9.465,9.515,9.235
9.47,9.29,9.47,9.25
9.23,9.165,9.33,9.055
9.165,9.28,9.38,9.135
9.22,9.425,9.495,9.19
9.395,9.4,9.485,9.29
9.485,9.29,9.535,9.275
9.315,9.3,9.42,9.24
9.305,9.5125,9.525,9.3
9.63,9.51,9.745,9.5
9.49,9.51,9.57,9.415
9.575,9.865,10,9.555
9.85,10.25,10.26,9.76
10.275,10.19,10.365,10.035
10.23,10.485,10.515,10.195
10.555,10.615,10.685,10.515
10.64,10.77,10.8,10.515
10.87,10.765,10.91,10.705
10.675,10.82,10.845,10.605
10.75,10.8,10.895,10.71
10.87,10.935,11.005,10.795
10.98,10.99,11.07,10.8925
10.97,11.315,11.32,10.97
11.36,11.26,11.43,11.24
11.315,11.05,11.36,11.05
11.135,11.2975,11.325,11.015
11.26,11.2225,11.2825,11.1
11.25,11.14,11.36,11.075
11.075,10.83,11.125,10.83
10.87,10.9775,10.995,10.755
10.945,10.875,10.96,10.75
10.81,10.945,11.05,10.79
11.1,10.915,11.145,10.86
10.88,10.935,11.025,10.85
10.95,10.965,11.075,10.94
11.035,11.04,11.17,10.955
11.04,11.275,11.285,10.99
11.27,11.12,11.29,10.98
11.185,11.13,11.345,11.045
11.045,11.085,11.12,10.955
11.02,10.84,11.05,10.81
10.84,10.81,11,10.81
11.025,10.88,11.085,10.795
10.785,11.13,11.14,10.775
10.925,10.705,10.935,10.705
10.815,10.89,11,10.76
10.985,11.17,11.235,10.83
11.155,10.655,11.18,10.58
10.275,10.25,10.51,10.205
10.13,9.86,10.155,9.86
9.925,9.725,9.96,9.725
9.765,9.94,9.95,9.64
9.89,9.885,10.015,9.75
9.88,10.01,10.035,9.765
9.955,10.015,10.075,9.885
10.11,10.07,10.155,10.005
10.14,10.235,10.285,10.12
10.08,10.065,10.1801,9.99
9.965,9.865,9.97,9.845
9.855,9.825,9.955,9.805
9.885,9.755,9.95,9.755
9.825,9.99,10.025,9.81
9.98,9.965,10.11,9.915
10.05,10.245,10.295,9.985
10.255,10.28,10.34,10.16
10.38,10.245,10.385,10.195
10.145,10.245,10.295,10.055
10.22,10.31,10.34,10.055
10.24,10.145,10.325,10.0575
10.07,9.885,10.105,9.79
9.67,9.54,9.715,9.47
9.49,9.86,9.875,9.465
9.79,9.96,10.04,9.77
9.855,10.035,10.07,9.65
10.27,10.1,10.315,10.045
10.105,9.705,10.18,9.65
9.68,9.74,9.74,9.515
9.66,9.81,9.95,9.645
9.69,9.615,9.755,9.27
9.425,9.51,9.65,9.23
9.46,9.65,9.735,9.325
9.7,9.695,9.79,9.62
9.725,9.855,9.865,9.7
9.805,9.805,9.82,9.64
9.695,9.815,9.865,9.625
9.835,9.825,9.91,9.755
9.855,9.875,10.015,9.8471
9.9399,9.965,10.16,9.87
9.99,9.96,10.045,9.84
10,9.785,10.01,9.77
9.77,9.96,10.04,9.705
10.06,10.07,10.165,10.04
10.13,10.085,10.165,10.03
10.085,10.085,10.195,10.025
10.155,10.07,10.165,9.91
10.075,9.935,10.075,9.735
9.795,10.025,10.125,9.775
10.075,10.06,10.185,9.975
10.235,10.175,10.35,10.145
10.095,9.6,10.11,9.5
9.62,9.54,9.655,9.255
8.905,8.77,8.945,8.65
8.615,8.494,8.735,8.494
8.515,8.46,8.61,8.365
8.53,8.7,8.72,8.405
8.69,8.795,8.805,8.565
8.76,8.885,9.06,8.625
8.72,8.76,8.96,8.71
9.08,9.326,9.326,9.07
9.275,9.14,9.29,9.025
9.08,8.7,9.1,8.69
8.825,8.955,9.025,8.78
8.98,8.89,9.02,8.78
8.845,8.625,8.855,8.54
8.61,8.71,8.785,8.585
8.72,8.585,8.79,8.52
8.63,8.105,8.675,8.055
8.325,8.17,8.515,8.165
8.515,8.67,8.89,8.43
8.705,9.025,9.12,8.7
9.09,8.99,9.32,8.835
8.835,8.725,8.94,8.72
8.835,8.615,8.91,8.57
8.56,8.49,8.64,8.44
8.61,8.505,8.675,8.32
8.53,8.395,8.53,8.25
8.31,8.52,8.66,8.305
8.5,8.545,8.655,8.415
8.42,8.795,8.84,8.4
8.67,8.855,8.905,8.565
8.85,9.15,9.21,8.85
9.13,9.105,9.205,9.1
9.2,9.345,9.345,9.175
9.215,9.29,9.415,9.205
9.265,9.065,9.28,9.065
9.15,9.205,9.24,9.12
9.205,9.085,9.26,8.975
9.06,9.025,9.07,8.97
9.015,9,9.05,8.97
9.04,9.045,9.065,8.985
9.05,9.005,9.075,9
9.07,8.915,9.125,8.915
9.02,8.775,9.045,8.745
8.815,9.05,9.055,8.685
8.8901,9.13,9.195,8.89
9.175,9.105,9.225,9.095
9.14,9.12,9.32,9.1
9.15,9.11,9.275,9.02
9.09,9.47,9.555,9.04
10.365,10.42,10.525,10.325
10.525,10.175,10.81,10.17
10.27,10.265,10.63,9.99
10.155,9.94,10.215,9.875
9.985,9.875,10.02,9.82
9.735,9.57,9.7686,9.505
9.55,9.705,9.72,9.5479
9.77,9.685,9.77,9.58
9.595,9.625,9.725,9.53
9.685,9.755,9.84,9.495
9.675,9.89,9.89,9.62
9.945,9.865,9.98,9.75
9.83,9.84,10.14,9.79
9.825,10.03,10.105,9.785
9.96,9.535,9.975,9.415
9.47,9.685,9.75,9.47
9.69,9.75,9.825,9.645
9.9101,10.065,10.07,9.76
10.045,10.23,10.33,10.025
10.345,10.24,10.385,10.2
10.21,10.225,10.295,10.17
10.275,10.36,10.385,10.215
10.3,10.495,10.51,10.295
10.525,10.505,10.55,10.42
10.45,10.38,10.735,10.38
10.46,10.59,10.61,10.36
10.615,10.77,10.795,10.47
10.64,11.325,11.335,10.4075
11.925,11.715,11.955,11.575
11.8,11.87,11.93,11.705
11.845,11.645,11.89,11.645
11.73,12.015,12.09,11.725
12.035,12.065,12.155,11.905
12.065,12.17,12.175,11.915
12.1,11.97,12.145,11.925
11.95,12.015,12.025,11.85
12.0049,11.885,12.02,11.86
11.84,11.85,12.005,11.75
11.85,11.91,11.945,11.74
11.95,11.92,12.015,11.86
11.9,12.095,12.1,11.88
12.11,12.02,12.17,11.875
11.97,11.95,12.02,11.85
11.89,11.925,12.05,11.81
12,12.225,12.225,11.975
12.175,12.095,12.2,12.055
12.09,12.085,12.18,12
12.125,12.29,12.29,12.1
12.165,12.13,12.245,12.075
12.045,11.87,12.055,11.54
11.835,11.95,12.08,11.8
11.935,11.97,12.085,11.815
11.86,12.08,12.095,11.81
12.16,12.545,12.62,12.035
12.5,12.53,12.54,12.315
12.445,12.505,12.53,12.285
12.585,12.58,12.62,12.455
12.62,12.735,12.775,12.575
12.61,12.775,12.81,12.6
12.745,12.63,12.77,12.545
12.555,12.52,12.65,12.355
12.5,12.62,12.69,12.425
12.835,12.9,12.975,12.77
12.885,12.875,12.96,12.76
12.97,13.075,13.14,12.9075
13.045,12.925,13.135,12.87
12.77,12.706,12.97,12.67
12.865,12.515,12.91,12.445
12.46,12.81,12.92,12.45
12.92,12.975,13.035,12.84
12.74,12.68,12.82,12.6
12.735,12.615,12.74,12.545
12.5,12.445,12.5,12.26
12.26,12.185,12.49,12.175
12.315,12.58,12.7,12.275
12.625,12.885,12.915,12.39
12.49,12.535,12.745,12.125
12.545,12.725,12.935,12.53
12.75,12.935,12.94,12.535
12.88,12.9,12.945,12.68
12.72,12.45,12.82,12.095
12.525,12.665,12.805,12.325
12.86,13.05,13.1,12.55
12.94,12.73,13.17,12.68
12.96,12.905,12.975,12.575
12.7851,12.98,13.025,12.775
12.905,13.08,13.145,12.725
13.045,12.995,13.085,12.76
13.135,13.62,13.745,13.125
13.605,13.18,13.62,13.065
13.33,13.68,13.75,13.325
13.605,13.77,13.805,13.2
14.27,14.25,14.39,14.08
14.1549,14.265,14.5,14.095
14.425,14.4375,14.555,14.345
14.295,14.52,14.52,14.255
14.485,14.51,14.705,14.305
14.51,14.015,14.545,14.015
14.09,13.87,14.11,13.835
13.82,13.91,14.055,13.805
13.985,13.895,14.05,13.8
13.86,13.95,13.955,13.77
13.875,13.75,13.875,13.735
13.8,14.01,14.04,13.795
14.145,14.25,14.26,14.075
14.29,14.25,14.345,14.235
14.235,14.225,14.265,14.1345
14.295,14.215,14.31,14.115
14.22,14.12,14.25,14.12
14.06,14.09,14.235,13.945
14.03,13.915,14.135,13.86
13.96,13.755,13.98,13.755
13.91,13.945,14.135,13.795
13.85,13.885,14.055,13.77
13.88,14.175,14.195,13.88
14.195,14.07,14.245,13.88
14.09,14.13,14.42,14.05
14.05,13.89,14.075,13.87
13.99,13.965,14.065,13.945
13.995,13.94,14.165,13.9
13.76,13.405,13.775,13.345
13.435,13.1,13.435,13.035
13.075,13.115,13.315,13.07
13.185,13.165,13.245,13.065
13.165,12.985,13.225,12.95
13.09,13.235,13.395,12.915
13.395,13.52,13.54,13.38
13.555,13.465,13.58,13.285
13.52,13.595,13.645,13.465
13.675,13.74,13.75,13.61
13.705,13.8245,13.88,13.615
13.735,13.515,13.75,13.415
13.54,13.585,13.62,13.395
13.62,13.51,13.68,13.435
13.43,13.735,13.75,13.405
13.665,13.71,13.88,13.595
13.68,13.77,13.77,13.62
13.77,13.89,13.99,13.73
13.765,13.495,13.82,13.4
13.45,13.505,13.555,13.445
13.6,13.36,13.605,13.36
13.295,13.37,13.575,13.28
13.29,13.235,13.425,13.19
13.205,13.045,13.27,12.985
13,13.045,13.13,13
13.14,13.1,13.19,13.06
13.225,13.37,13.375,13.17
13.365,13.55,13.56,13.35
13.445,13.65,13.725,13.365
13.62,13.65,13.74,13.55
13.57,13.505,13.785,13.5
