948.45,936.05,950.2,935.21
937.09,933.27,942.985,931
932.82,924.15,935.82,920.8
924.52,929,935.9,923.22
891.44,890,893.3774,887.18
889.14,891.39,892.99,885.15
888.84,882.26,892.25,879.2801
878.93,868.44,879.96,866.11
858.95,860.62,862.44,857.73
860.08,859.74,863.93,857.5
856.51,857.385,860.2,853.5275
853.99,852.54,857.39,851.25
855.13,841.38,855.64,841.03
840.18,841.04,843.73,837.8503
841.46,838.46,843.72,837.59
839.88,841.7,844.63,834.6
841.7,841.54,846.7372,840.79
842.1,845,845.88,837.3
845.095,849.5,853.59,844
848.91,854.71,860.59,847.52
852.57,848,853,847.505
856.75,848.75,859,847.5298
847.8,846.83,849.56,845.2445
849.48,851.98,852,846.77
849.87,842.75,851.585,841.38
840.63,839.69,845.4,832.265
838.51,828.09,841.38,824.3
835.14,842,844,829.1
839.65,841.39,841.69,833
849.8,849.48,855.35,847
850.14,870.06,873.47,847.687
867.91,869.48,870.34,864.665
872.37,873.68,874.42,868.37
870,870.53,872.71,867.52
868.39,867.94,869.88,861.295
865.91,863.75,867.58,860.13
864.58,860.83,867.13,860.82
861.405,862.7,864.229,857.61
857.84,853.69,860.71,852.67
853.64,853.12,856.93,851.25
851.15,847.26,853.33,845.52
847.27,846.86,848.94,841.17
849.08,848.94,850.82,844.705
849.85,856.31,856.49,848.72
856.75,851.38,858,849.02
844.93,847.35,848.83,841.4422
849.67,844.95,850.67,843.01
847.81,847.65,848.36,842.9601
851,851.08,852.62,842.5
851.36,848,853.79,846.7101
849.27,847.99,852.2,846.55
846.55,841.31,846.94,839.78
842.17,838.5,842.69,837.26
837.32,838.81,841.7725,836.22
840.03,839.77,842,835.83
838.96,837.7,841.735,836.246
834.85,832.95,837.15,830.51
830.06,831.73,831.98,826.5
829.88,830.53,834.25,825.11
829.23,825.5,831.92,823.2926
821.62,820.92,822.39,814.29
820.13,823.13,826.13,819.35
818.26,815,824.56,812.051
815.24,824,824,812.25
820.19,819.5,823.07,813.4
823.83,837.06,837.23,821.03
845.03,859,867,841.9
856.98,859.05,861,850.5201
858.45,853.55,858.7936,849.74
849.53,846.98,851.52,842.28
844.43,831.61,845.5428,828.7
828.17,829.09,829.24,824.6
824.37,829,832.9999,823.96
829.02,829.8,829.81,824.08
827.46,830,830.18,823.2001
830.94,831,834.65,829.52
829.53,828.38,830.38,821.01
829.86,826.62,829.9,821.47
826.01,827.07,829.41,823.14
827.18,826.37,830.43,821.62
825.21,814.99,828.96,811.5
813.02,807.5,813.74,805.92
807.77,809.89,813.43,804.11
808.01,800.62,811.435,796.89
792.45,803.21,803.285,789.62
802.88,802.33,805.75,798.144
804.57,813.33,813.33,802.44
809.93,808.68,816,805.8
807.8,808.01,810.9696,805.11
809.68,809.1,811.07,806.03
812.2,815.72,815.72,805.1
815.2,813.37,816.49,811
812.5,809.28,816.22,804.5
809.84,818.31,819.2,808.12
815.65,817.36,823,812
817.89,815.92,824.26,812.78
815.34,812.39,824.3,811.94
807.9,804.82,811.35,804.5311
809.45,799.3,809.95,798.05
795.17,792.95,799,787.905
791.47,779.95,792,773.53
776.18,780.19,785.28,773.32
778.22,770,780,766.9686
764.46,761.9,770.5,759
764.33,778.55,778.6,753.36
775.88,789.1,791.51,773.145
789.44,788.38,796.44,785.34
785.79,778.35,799.74,778.1
780.23,782.61,782.9,778.19
779,789.52,789.52,772.65
785,788.99,793.77,783.74
784.8,778.1,786.55,776.3
775.97,787.17,791.29,775.35
786.16,782.5,788.9,779.85
779.98,770.42,783.5,766.33
775.16,765.47,780.2376,765.22
753.22,771.76,771.78,743.59
771.75,776.81,777.29,765.54
780.29,810,810.06,768.23
805.59,801.83,811.71,792.035
811.98,802.03,816.04,799.62
802.03,794.95,805,792.9
781.1,771.3,788.48,771.0043
782.19,784.5,790,778.63
788.42,806.76,806.76,785
805.48,810.87,813.96,798.26
809.9,822.43,822.63,808
819.56,829.94,839,817
817.35,823.01,826.58,814.61
822.1,827.12,827.71,816.35
828.55,838.5,838.5,825.3005
835.74,830.09,837.94,829.04
824.06,820,824.29,818.31
821.63,827.56,828.465,820.55
827.09,824.52,829.81,823.205
821.49,814.21,828.81,813.33
806.84,805.99,813.49,803.83
804.6,807.45,810.09,802.32
804.08,806.07,806.56,798.62
811.77,811.96,814.5,808.5545
809.57,814.17,819.86,807.37
814.17,803.93,817.38,802.24
800.71,805.93,805.94,796.82
803.08,804.08,806.945,800.51
801.23,806,808.5,800.71
802.79,805,806.5,799.67
800.38,802.55,803.54,796.23
804.06,803.6,808.09,801.5
802.64,807.23,813.91,800.855
810.06,804.08,810.25,802.7803
810.73,801.83,813.49,801.83
802.65,809.82,810.08,800.45
814.96,815.14,817,812.73
815.95,810,819.06,807.71
805.03,801.26,805.91,796.03
799.78,800,802.75,798.26
795.39,801.11,803.99,793.56
797.97,799.02,799.02,793.62
801.23,790.01,803.645,788.66
790.46,787.53,796.33,787.53
788.72,794.01,795.79,784.33
798.82,784.52,800.17,783.5
788.48,798.77,801.75,788.05
802.84,805.22,808.42,801.0101
807.99,807.93,810.6,803.72
808.02,798.39,810.89,795.43
796.87,795.27,797.1,793.26
791.4,791.98,792.89,786.33
789.85,789.6,791.57,787.2
791.92,792.88,798,789.47
795.82,793.05,798.52,790.32
793.22,792.49,799.4,789.4069
791.3,792,794.72,787.23
793.6,796.86,798.46,790.76
796.59,800.48,801,795.99
796.95,798.51,799.3,794.33
799.65,799.79,801.23,796.88
802.75,805.36,808,801.63
805.42,800,805.63,796.3
801.19,803.5,804.26,797
805.96,807.21,811.36,804.03
807.05,805.09,807.19,803.64
808.2,810.47,813.879,806
808.49,807.05,810.879,806.49
807.48,804.49,813.33,804.06
805.23,806,807.6,801.69
806.93,800.11,807.22,797.81
797.25,798.24,800.2,793.92
798.92,796.47,799.54,793.02
800.12,797.33,802.32,794.53
800.94,786.67,807.49,785.04
791.34,797.71,803.94,790
765.84,768.84,768.97,759.09
761.97,758.97,764.45,755.93
757.65,757.52,759.26,752.7503
757.52,757.68,759.8249,754.07
759.28,757.32,759.45,752.655
754.41,757,758.15,751.52
757.08,754.05,760.64,754.05
753.41,749.87,756.59,748.489
753.2,737.91,755.1369,736.51
735.63,741,741,734.64
735.8,733.94,736.14,730.59
729.48,735.52,735.52,729.02
732.51,731.92,735.6,727.5
727.2,719.42,728.9289,718.865
717.78,710.56,717.9,708.11
707.26,710.11,710.17,700.67
708.97,699.84,713,699
704.89,705.01,708.12,699.13
710.25,705.1,712.53,703.73
703.53,697.65,703.77,694.9015
695.19,694.26,699.5,692.6834
691.26,691.37,692.7399,684.85
681.14,682.49,683.325,672.66
685.2,690.17,705,684.91
714.87,710.55,714.88,700.25
710.47,714.05,714.21,705.88
708.88,710.05,715.38,704.66
706.13,710.31,715.87,705.41
704.25,721.39,721.39,701.12
724.25,727.96,730.39,715.54
732.19,734.92,737.15,731.31
733.25,729.31,736,726.5
731.88,729.82,739,729.82
733.19,735.95,739.64,730.51
742.52,737.07,743.93,736.5
742.93,739.5,743.81,735.765
731.09,733.27,736.71,730.8
730.06,738.5,738.5,728.29
735.86,741.49,741.49,733.91
744.27,746.1,747.3,737
748.46,748.47,751.37,744.34
748.85,748.76,753.48,745.57
747.6,737.51,747.91,737.01
736.93,736,741.1,733
738.1,735,739.89,732.6
733.03,719.85,734.2,719.645
717.25,719.98,723.4999,716.94
721.71,716.46,727.7,715.01
715.31,718.3,720.5,710.305
721.78,718.5,725.57,715.02
720.19,731.06,735.85,718
730.3,724.32,732.68,720
724.83,726.62,731.29,723.51
728.07,732,735.37,724.27
730.55,740.52,740.8,727.9025
739.38,734.96,740,731.61
729.13,726.7,734.29,723.5
725.18,712.2,725.99,711.95
714.71,715,717.55,709.4501
711.37,706.77,715.05,704.05
708.44,712.5,713.37,707.33
714.41,711.92,715.41,706.36
707.88,704.12,712.11,703.78
705.06,723.29,729.26,703.2
721.46,725.32,727.15,709.08
725.37,744.42,745.59,720.32
742.21,735.35,744.88,735.1
737.77,743.91,753.92,730.37
780,777.31,781.6799,771.55
774.92,779.16,779.66,771.27
776.25,790.5,790.95,770.27
787.68,780.19,788.55,777.61
780,775.5,780.93,774.9301
775.39,775.36,779.61,773.22
771.91,770.31,775.75,764.5908
764.32,758.43,764.92,751.565
757.54,765.45,767.22,757.34
759.47,765.87,767.13,755.77
760.12,765.32,769.36,757.5
768.07,757.84,768.42,756.3
758.57,758.13,762.87,755.6
765.12,769.51,772.44,761.785
769.67,757.16,770.04,755.2
762.9,768.34,769.0842,758.25
768.34,768.21,777.31,767.58
765.89,753.68,767.18,748.29
753.28,756.17,758.3,752.04
754.84,751.2,757.555,750.5
757.56,763.35,765.39,756.03
760.05,758.44,765,757.875
762.16,753.91,763.34,751.27
755.41,761.63,762.14,751.82
758.48,757.65,765.34,757.36
757.36,749.05,759,746.5
750.57,746.02,753.01,742.84
750.24,744.97,754.26,743.6625
744.87,739.95,744.9,736.7
732.17,727.79,736.54,723.29
725.41,715.165,726.24,712.66
713.53,708.39,722.25,704
712.8,725.15,727.21,705.14
730.22,734.8,735,725.62
731.59,739.48,741,729.63
739.48,742.87,743.121,733.25
742.17,721.3,742.33,718.64
717.22,721,730.6,716.84
724.86,733.6,736.16,721.9392
729.12,722.93,729.51,713.23
720.9,710.61,721.22,702.02
717.29,726.1,730.9,715.67
729.05,729.51,734.845,723.45
722.11,715.9,724.03,713.12
717.51,733.96,736,715.55
731.97,727,733.76,716.61
717.64,718.65,722.8789,710.18
706.89,712.21,716,701.58
706.36,696.34,712.315,691.19
706.85,711.79,723.22,705.39
701.02,692.95,720.96,688.5
704.16,687.68,704.52,682.01
703.76,725.5,726.72,700.14
730.03,744.59,745.24,722.6001
749.38,786.28,791.43,736.26
780.91,800.5,810.35,780.6
770.77,771.26,777.59,761.38
761.35,748.96,765.105,744.2
748.3,738.19,751.16,730.6
717.58,735.89,735.89,713.45
733.79,735.21,739.46,726.97
733.62,743.84,752.46,732.501
745.46,742,748.56,740.5
726.67,720.17,737.67,711.11
718.56,705.9,726.95,687.78
719.08,720.15,725.35,709.85
710.49,709.99,724.158,701.51
731.39,724.44,739.89,705
719.57,749.34,753,716.78
745.34,740.75,748.34,736.43
733.07,731.95,735.08,719.56
730.91,747.8,750.12,728.9201
741,746.49,755.31,735.28
759.33,750.37,765.73,748
761.53,764.1,769.2,755.65
759.44,762.2,762.2,747.54
778.01,787.82,788.33,777.32
790.3,793.96,796.455,787.2
793.96,786.99,798.69,786.202
782.24,770,782.815,767.73
765.84,768.52,769.2,764.39
768.51,770.69,771.9,757.65
767.13,764.27,770.34,761.2
760.8,763.05,766.35,754.15
756.85,767.23,774.14,756.59
769.83,781.16,781.59,769.3
776.59,766.57,781.5,757.045
760.09,767.79,774.75,758
762.54,751.26,764.15,736.26
750.42,749,757.44,748.65
760.04,763.59,766.0655,755
762.55,771.1,776.0926,752.0066
775.14,764.5,778.65,762.52
772.99,780.06,781,766.72
779.21,769.71,782.42,765.51
768.2,780.56,784.48,762.45
777.85,785.25,793.0475,776.43
783.79,766.94,785,765.95
762.85,771.87,775.03,761.12
771.97,769.16,774,767.0001
769.26,771.69,773,766.53
769.63,772.96,775.99,758.11
776.7,777.47,782.9,773.51
777,769.3,779.318,764.1
759.94,759.78,763.23,757.23
760.01,749.57,761.1,747.39
745.98,752.47,754.95,744.05
750.42,740.21,751.71,734.33
740.07,754.04,755.33,739.47
756.53,760.18,765.799,755.86
765.25,762.38,769.08,759.75
758.26,753.48,760.6,748.41
754.77,758.52,763.3,749.11
761.6,759.39,763.022,755.03
760.67,758.81,766.35,757.47
755.31,749.9,759.9,749.2
748.82,745.43,751.698,741.16
747.74,737.88,748.18,731.45
737.39,745.56,746.31,736.53
744.85,736.63,746.79,735.16
736.92,733,737.37,727.27
732.82,726.57,735.9642,724.135
731.12,720.02,734.95,720.02
719.33,750.06,752.5,717.94
681.14,675.44,688.0499,671.7
671.8,683.21,684.9,670.7
680,697.89,698,673.68
699.95,694,700.2397,692.21
695.32,695.4,696.22,689.1
693.02,685.25,694.16,684.39
680.41,683.73,690.04,678.9
683.17,674.26,688.46,673.108
676.43,669.19,677.98,667.24
671.24,667.49,674.085,662.36
667,669.45,671.89,654.49
670,677.4,678.74,658.11
671.64,669.35,678.8,663.0823
671.68,661.6,673.0275,655.87
656.99,638.01,658.2555,633.5
642,637.94,643.84,631.115
638.37,631.83,639.31,629.15
622.61,625.5,634.68,618.03
624.25,639.05,642.85,617.84
640.15,658.58,658.58,639.655
654.91,648.97,656.7699,642.165
653.29,652.9,660.28,650.7301
653.2,657.47,658.82,645.03
666.98,665.51,669,658
660.92,665.06,669.84,660.03
671.67,667.49,681.99,665
665.52,665.55,668.0699,662.2
665.07,656.71,668.85,653.34
652.47,655.63,655.92,649.501
655.3,650.21,655.31,647.41
651.08,643.9,654.9,641.7
643.41,651.88,657.36,640.9
643.88,641,645.04,632.9
628.96,629.7,634.5,626.5
637.05,647.93,651.25,633.8073
644.91,638,645.057,630.64
629.56,633.81,644.44,625.06
647.82,654.34,664.41,646.35
659.69,665.76,667,653.75
667.96,671.99,673.9799,651.1
659.74,643.1,662.48,630.37
612.47,646.468,647,611.67
618.11,600.6,644.33,593.09
644.03,671.04,672.89,643.104
679.48,689.1,696.16,675.2801
694.04,690.11,700.2,686.8
688.73,691.07,695.7568,685.32
694.11,688.04,694.74,683.06
689.37,684.04,692.26,682.9
686.51,689.2,694.03,682.18
691.47,694.49,696,680.51
690.3,699.58,704,684.32
663.14,667.09,671.62,660.23
664.39,667.78,668.795,658.87
670.15,673.99,674.75,660.73
673.29,665.75,679.91,665.5827
661.28,664.34,668,660.51
664.72,657.66,666.67,657.66
657.5,664.7,664.9999,657.2
664.56,657.44,668.05,651.69
661.43,662.26,663.33,652.84
659.66,661.76,664.1,653.41
658.27,651.57,667.07,651.55
654.77,676.77,677.79,653.18
674.73,691.85,696.07,671.59
695.1,694.02,713.33,691.62
695.35,684.88,705.6,684.15
692.84,688.98,697.8,681.77
699.62,680,703,678
601.78,589.5,604.5,587.92
583.96,583.74,588.69,580.21
584.18,574.5,589.7087,574.17
571.73,559.51,572.85,558.7
556.11,553.71,559.29,552
544.65,548.65,548.88,544.62
541.7,545.6,548.28,541.2
550.03,547.43,551,539.85
545.62,542.25,548.58,542.095
547.34,544.74,548,543.57
543.3,543.66,545.81,539.76
540.04,545.09,545.9,539.54
541.25,546.75,550.9,540.24
553.06,559.71,560,551.85
557.95,560.3,563.14,557.455
558.57,562.48,562.64,556.81
563.39,559.79,564.9,557.15
559.68,559.41,565.61,558.91
557.52,556.52,557.91,552.258
556.18,548,557.25,548
546.6,545.42,548.36,541.81
544.87,544.48,546.69,541.5724
543,542.73,544.05,539.21
547.47,547.15,548.85,545.63
550.04,554.49,554.83,549.17
552.6,545.7,554.78,545.11
542.16,543.42,544.84,538.8506
543.48,549.61,549.87,542.95
549.53,552,553.33,547.384
551.69,552.18,555.96,549.12
555.29,555.1,557.99,552.15
553.95,547.43,558.79,546.55
549.21,548.73,550.57,543.58
545.32,553.2,553.94,545.04
554.18,553.79,555.76,550.8
554.25,548.68,555.29,546.5813
547.19,552.58,553.3305,542.97
554.52,554.46,558.24,553.62
556.81,550.2,557.61,549.301
552.51,550.92,556.065,545.1
549.28,548,553.4,547.12
546.67,543.82,548.34,542.25
546.49,550.39,550.6,542.5
549.2,543.97,549.69,542.5
539.49,540.47,543.84,538.98
538.73,542.81,542.961,535
545.78,548.49,553.3699,545.6
548.95,548.87,552.8,548.03
542.04,535.9,545.2,533.45
535.08,542.64,543.93,532.235
543.045,550.16,552.61,542.37
552.84,550.99,556.69,547.39
551.16,550.51,551.22,543.85
548.77,558.56,561.11,546.72
561.39,560.51,565.84,559
564.37,564.32,567.83,560.96
566.12,572.77,575.52,562.3
573.66,580.05,584.7,568.35
557.46,550.41,561.17,550.08
549.18,543.06,551,541.32
542.925,546.31,547.7745,542.21
544.53,533.75,545.8,533.35
532.74,537.31,539.8,529
543.52,538.35,545.229,538.1
541.04,537.96,543.19,532.37
539.78,546.57,546.57,535.74
548.64,547.05,553.27,546.3
548.54,549.57,549.85,544.98
548.02,549.21,549.37,541.951
548.84,546,551.5,546
544.86,544.99,550.16,543.585
543.95,538.84,545.54,535.7
541.31,547.41,548,540.44
549.49,554.83,558.5,546.03
554.7,557.94,562.45,554.67
561.135,560.25,562.16,556.79
557.55,561.83,564.066,556.93
563.64,564.65,567.19,558.31
567,577.57,580.07,567
577.54,568.54,581.88,568.09
565.37,566,569.6399,563.06
564.95,566.71,567.1,564.48
563.67,564.52,566.96,562.12
566.16,557.73,566.51,553.5
557.61,558.29,560.64,554.41
561.64,556.93,563.75,551.32
553,559.23,564.36,550.33
561.17,558.48,561.84,555.53
555.69,559.8,564.18,555.41
559.85,568.475,569.762,559.82
574.1,570.92,575.45,569.05
572.9,582,582.78,572.06
581.435,579.62,583.2,578.23
578.33,576.97,581.63,572.52
578.795,576.35,580.85,570.5
575.02,567,575.99,563.15
562.63,558.15,569.42,557.03
559.29,545.74,560.1299,545.09
547.33,538.44,549.57,538.01
538.65,531.55,539.4,531
535,539,539.3,532
541.8,547.58,547.58,538.1
546.45,542.47,546.86,540.75
542.65,543.82,547.55,539.55
545.01,551.16,553,543.26
551.16,547.51,552.54,546.6
546.01,539.66,548.34,537
538,539.73,541.95,536
540.16,532.15,541,529.1725
529.28,531.06,533.88,527.55
533.875,531.01,540.215,528.65
529.83,527.93,530.69,525.64
526.1,533.14,536.746,525.03
533.3,529.94,537.45,526.81
532.2,534.32,536.5,521.72
537.55,519,543.1,518.18
513.23,512.9,515.19,503.48
512.43,525,525.69,512.35
521.19,531.4,532.78,520.8612
536.72,541.5,541.5,532.07
541.95,538.03,545.41,535.7508
537.3,523,538.84,521.91
520.39,510.84,521.851,509.59
509.94,512.77,515.61,509.37
510.455,503.15,510.85,503.09
504.01,508.89,509.75,502.01
505.93,500.42,508.26,498.16
501.8,502.57,508.6,497.26
497.06,499.24,500.28,490.91
500.72,508.18,508.6,498.65
506.91,501.51,507.5,495.02
505.15,510.95,511.49,503.65
506.64,520.5,521.21,505.55
519.46,527.15,527.9899,517.75
529.55,532.6,535.8,527.88
530.66,537.74,538.4,530.2
535.28,534.96,537.84,533.61
537.31,540.5,543.93,537.16
541.52,536.93,543.25,535.49
536.93,538.82,540.29,535.1
538.77,534.51,542.3,533.72
532.3,520.61,532.97,520.59
520.04,516.99,520.81,508.86
514.62,515.99,516.25,506.56
506.45,499.86,509.07,499.11
498.16,513.6,515.58,497.19
515.84,523.76,525.37,515.397
521.51,527.44,532.24,521.46
532.11,530.01,537.04,529.16
528.04,535.9,539.36,527.49
536.11,525.875,536.65,523.41
530.73,529.22,533.815,527
528.08,536.7,538.2,527.26
542.58,537.64,542.69,534.89
536.97,537.5,541.405,535.21
538.59,539.45,541.85,534.657
539.65,545.09,548.79,538.62
549.08,547,549.6,544.4801
547.73,549.23,549.88,545.23
549.23,547.21,552.5,546.91
547.48,546.57,551.19,544.15
545.89,551.04,551.04,545
543.76,542.09,545.38,541.5
547.2,544.75,548.22,539.19
544.51,547.93,552.79,543.8
546.64,555.19,555.19,544.44
555.19,558,558,552.51
556.44,560.81,560.8199,554.09
558.25,561.15,561.25,555.5
561.29,558.52,562.5,556.2419
558.23,552.4,560.63,551.62
551.82,555.6,555.6,549.35
551.69,555.5,556.799,550.58
555.95,566.79,566.9,554.15
564.19,561.16,564.79,558.3
563.77,563.53,567.15,561.63
567.87,568.3,568.73,564.81
560.27,558.25,562.5,552.13
558.45,560.85,564.97,555.98
558.94,551.71,559.2,550.43
549.88,547.76,554,547.2
548.9,554.98,555,545.16
553.65,548.28,557.4,545.5
542.69,541.05,550.76,540.23
538.03,537.27,538.77,530.2
532.38,520.45,533.16,519.14
522.97,540.45,543.45,518.41
536.92,527,540.99,524.95
540.73,542.08,543.915,528.422
548.69,550.14,558.63,544.5
544.75,555.13,560.875,544.43
555.19,567.47,575.23,555.01
570.81,581.61,582.53,569.03
583.74,574.79,584.69,567.64
574.1,584.9,585.85,574.1
587.78,589.95,592.4,585.4
586.25,584.1,588.29,583.5
580.88,578,583.24,574.05
579.63,586.8,588.72,578.02
588.41,587.49,591,584.5
587.81,581.83,589.31,581.57
587.9,585.93,589.5739,585
585.25,596.99,598.07,584.74
598.42,591.57,600.11,590.3
591.18,595,596.65,590.24
597.27,602.5,603.8,593.12
605.4,599.49,605.4,597.76
597.27,595.05,597.56,593.02
593.29,589.51,596.07,587.12
588.78,580.95,590.15,580.95
581.64,582.24,583.92,577.01
584.9,590.39,591.48,583.28
591.11,590,591.945,586.04
593.42,591.74,593.72,587.14
591.97,600.27,600.6,590.48
601.63,599.14,603.52,598.0231
597.78,595.13,598.5,593.55
593.14,592.13,598,590.6
589.52,591.73,594.49,586.5
588.63,582.95,589.3,582.4
582.36,582.35,582.8999,578.24
580.32,580.02,584.71,577.88
583,587.81,589.37,580.9
588.12,592,592.05,587.45
590.57,594.77,595.58,589.26
592.54,593.27,594.99,589.8
592.42,594.9,595.25,591.101
595.41,596.95,596.99,593.001
597.11,595.59,597.81,594.44
592.7,587.1,595.05,586.55
583.71,587.5,589.47,580.76
584.65,586.69,587.8,580.92
584.56,576.45,586.125,575.2
572.12,575,575.9,569.91
577.25,579,579.69,575.298
577.94,572.02,579.5639,569.02
571.81,576.05,578.31,569.43
574.49,569.5,578.644,567.45
573.14,579.38,580.2,570.31
582.27,576.51,583.82,572.26
573.6,578.555,583.43,570.3
579.55,588.96,591.9899,577.68
595.44,595.81,598.45,592.7
593.95,597.7,598.49,592.17
599.02,597.75,601.098,592.59
598.08,599.25,601,595.75
603.01,605.53,608.91,601
605.19,602.05,607.05,601.35
603.57,599.7,608.89,599.2576
598.44,601.35,604.16,594.45
605.11,603.01,606.7,590.92
580.82,588.97,589.5,576.85
590.62,596.89,597,590.25
593.06,595.15,595.2999,585.31
594.26,590.6,594.86,586.693
586.65,581,588.23,580.575
580.04,573,585.25,572.1001
583.36,578.95,584.1,577
578.4,586.365,587.97,574
590.76,593.51,595.645,587.94
593.08,591.7,594.25,589
590.78,592.26,594.15,589.11
591.49,587.65,593.66,586.29
584.67,586.76,587.71,583.29
585.69,585.45,587.88,582.62
584.77,589.3,589.6,579.6
585.93,573.55,587.3,573.26
572.54,574.22,582.25,569.16
574.29,564.35,574.44,563.5
566.52,566.45,566.77,559.37
564.99,561.15,565,556.6679
560.66,552.8,561.4,551.58
550.615,552.36,553.74,547.47
552.3,557.25,557.99,550
560.35,560.08,560.65,553.72
559.5,567,567,557.15
567.5,565.92,568.97,563.68
568.3,568.78,572,566.13
570.73,566.75,572,565.22
566.03,568.16,568.7999,559.58
564.93,557.11,565,555.05
553.76,551.52,558.58,548.56
554.51,560.9,562.4,552.5275
564.34,569.75,570.41,556.7
571.65,571.64,572.58,565.79
570.56,573.39,573.48,568.4525
570.45,574.57,577.66,569.952
574.87,567.78,574.87,564.15
563.8,558.13,565,554.17
555.45,552.2,557.96,551
549.7,542.9,549.75,542.11
540.39,540,546.35,536.57
538.83,528.88,539.35,525.66
528.3,529.6,530.84,523.57
529.12,533.14,533.9999,525.31
534.41,541.82,541.82,533.11
541.54,539.58,543.99,537.9
538.43,531.84,538.75,527.51
526.62,518.65,527.35,514.28
520.17,515.72,527.35,514.46
518,523.25,524.43,511.09
522.57,533.41,534.548,522.2601
535.33,530.24,535.72,527.58
533.87,541.44,542.4,533.27
538.53,534.25,539.91,532.86
534.88,535.12,536.34,529.09
536.33,523.89,537.76,523
522.98,525.8,525.9,511
523.1,532.26,533.86,522.5
534.44,541.69,542.5,531
537.51,543.67,544.8,528.1277
545.5,536,547.995,536
539.37,544,544,534
543.34,556.32,557,539.4
563.9,557.7,564,553.1
548.7,551,552.89,530.64
545.2,543.66,553.02,540.52
537.76,537.94,547.59,533.4
546.69,568,568.21,545.5
567.04,565.84,567.8,555.38
557.51,545.05,559.88,544.7
540.63,544.79,549.85,530.53
545.25,578.55,579.7173,544.494
571.5,573.39,588.3,566.01
573.39,576.825,578.2899,567.7829
573.2839,565.8987,574.6023,564.752
562.989,571.0158,573.3395,562.1505
565.8381,565.2571,572.4251,564.6358
562.8729,571.2431,571.7937,556.7202
571.8089,586.9834,591.8126,571.5715
585.3215,588.999,590.9387,579.4012
584.9224,598.1875,598.5462,578.8708
597.6066,609.3613,611.0384,597.3086
604.7393,606.1486,611.0283,603.83
605.795,612.1346,612.2306,603.3501
611.8618,603.4815,611.9982,602.6682
602.1832,595.6921,604.6938,595.1163
592.4339,597.0762,601.5619,592.2975
600.6476,610.1898,611.4779,598.4755
609.8614,604.3554,610.1393,598.1875
606.1688,613.1297,613.4075,604.4766
612.0184,614.0996,615.0821,608.24
613.645,619.7118,619.8054,611.9517
616.0798,617.4285,619.3809,615.5696
615.3978,613.7763,617.8326,611.9356
613.7056,613.7511,614.2562,610.9728
607.5327,609.5836,610.1342,602.2034
614.0794,616.4485,618.3933,609.3159
615.8777,615.4635,618.4161,614.7669
616.3627,618.2974,620.7625,613.1247
616.2768,614.2259,618.5499,611.4392
612.4932,608.8815,616.3576,608.7501
608.0884,610.1191,611.1597,607.606
608.25,607.76,609.6518,606.285
607.3559,608.8511,610.8313,604.912
611.6699,606.8861,612.6751,606.1739
607.5883,603.9563,608.3915,602.5368
606.1234,596.4498,606.1234,595.8992
599.4504,600.6173,601.1224,596.7681
601.2134,596.1569,602.0651,592.1359
592.4996,591.9288,597.2833,590.5245
594.7778,589.8223,595.0102,586.2515
585.9479,581.4874,586.0489,579.679
577.4816,577.5726,581.3056,569.8136
574.9357,574.8498,583.4424,574.3548
572.5464,595.6669,596.9408,571.8266
596.561,591.7015,599.3746,581.4874
573.5385,578.3909,582.1744,569.4246
559.155,565.3178,566.6463,555.3664
567.2828,560.8725,568.6664,560.6805
556.2807,568.8437,569.0457,546.7032
567.697,581.4268,582.7074,567.2777
586.0186,585.9681,587.2259,583.1241
588.5039,589.3071,589.9537,585.3922
587.8371,586.4379,587.9887,581.5733
581.1844,584.3769,586.2863,577.9868
584.0586,580.462,584.9219,579.9063
580.2195,582.427,583.4424,577.7797
580.6135,574.8296,581.4218,569.8489
567.2676,569.0306,579.3557,564.3328
570.9047,575.4005,575.4005,566.8989
570.935,577.6029,577.9969,568.5709
576.4865,578.8961,579.5628,572.4757
575.2881,568.288,575.7086,566.3483
564.4085,562.2313,565.1864,558.9125
558.1851,563.2366,564.2115,558.1498
562.2869,563.4689,564.6257,559.8319
566.1209,561.8424,566.2674,558.8216
560.4381,565.934,566.0149,560.2158
564.9541,565.7623,565.9037,562.196
564.4792,562.7365,565.2571,560.0491
561.6403,563.2214,563.3578,559.7511
563.2871,559.6197,563.6406,558.2458
555.9726,549.7492,556.2504,549.5977
548.6985,545.9444,551.6132,545.0918
547.9559,541.4396,548.057,534.9687
540.4343,541.9296,545.9404,539.6867
542.0104,537.4742,542.8742,536.4689
535.8527,543.2328,543.6824,534.3852
540.4848,545.3393,547.0416,539.9999
544.1875,549.2946,551.2747,543.1166
547.9105,543.6117,551.7748,543.3591
544.6169,541.0051,546.7234,539.5049
540.4394,540.399,540.505,535.494
534.1099,534.0392,535.2818,530.9528
534.5342,531.0942,537.4641,530.4021
532.0489,530.882,537.1913,529.9071
532.6652,537.2267,538.6613,530.7861
535.2465,536.5447,538.7977,535.1758
537.0246,536.479,539.4948,535.4536
534.6504,529.6949,536.2113,526.8333
528.3462,523.9161,532.0136,522.8363
521.254,522.0268,523.416,519.9065
522.3552,518.7838,524.497,518.2787
516.4147,520.274,521.9965,515.4297
517.8766,521.1681,522.6987,516.7885
521.0822,523.2038,529.7657,519.9165
522.0976,522.7593,524.3404,520.4563
522.9412,522.2794,525.2244,520.476
521.547,508.5546,521.7389,508.4283
511.0955,509.0345,514.0152,507.6706
510.4944,509.9488,513.1919,509.1861
513.2424,509.5649,514.4901,509.4386
509.1608,516.5662,517.233,509.0042
516.6369,518.0766,518.7838,512.909
516.0156,515.4246,521.1327,513.9445
518.3322,521.057,521.4964,516.2732
518.804,521.2035,523.3301,517.824
520.5922,519.7587,526.1205,517.2532
520.5114,524.0525,524.0929,518.2787
523.4514,514.7932,523.805,511.9644
512.7221,512.8231,516.9804,511.7042
512.8231,519.7032,519.7032,510.5702
518.0514,521.2439,525.6386,517.6725
521.01,505.65,522.6986,505.4631
508.6809,507.6706,511.7118,503.0187
506.8119,510.9339,514.7427,504.9176
510.9076,493.3144,512.9545,492.0111
448.9698,451.0893,453.0645,447.422
453.6348,447.4927,453.7868,446.5531
445.5429,442.3857,447.3715,441.4966
442.5625,437.7889,442.6332,437.1473
440.4813,437.4706,441.234,437.1019
438.587,436.3644,438.885,434.5307
432.3333,432.5455,435.7632,425.827
431.227,437.112,437.4454,430.1966
437.3241,438.1879,441.4916,436.5008
440.6632,442.0018,443.2697,439.4761
442.5524,448.5687,451.6501,440.5369
448.5636,445.9066,449.2531,443.4263
448.0655,444.6538,448.402,444.5528
442.4615,439.0113,444.9518,438.6224
442.7039,441.9109,443.2748,440.1378
443.6031,443.6688,445.9167,442.0018
443.1283,447.8362,447.8362,442.3049
447.9827,447.811,449.6295,445.2347
447.811,452.6856,455.4336,447.1543
456.2014,453.8171,456.7167,452.4179
453.8171,457.6562,457.6562,452.3067
456.3075,447.7352,456.6358,446.0784
447.6139,448.2706,448.7682,445.0327
448.4474,452.7109,453.115,446.9876
449.1082,451.8521,452.4482,446.9724
451.1267,453.317,453.5696,449.584
452.7058,448.8414,453.0998,447.5988
448.9071,449.5891,450.5893,446.5481
448.5959,446.4117,449.4527,445.75
444.3154,445.7601,446.437,441.3653
444.3052,441.2441,444.4669,440.2893
440.3015,434.6014,441.2441,431.9848
434.6166,431.5756,437.5515,431.3685
427.8072,432.2828,433.4345,427.1303
432.1161,428.9034,434.6166,428.6609
428.6407,429.4995,432.106,428.2467
429.4489,434.2327,436.3088,428.3124
437.6525,439.4761,441.9513,437.4807
439.5821,443.4313,443.5172,439.3498
441.3502,440.84,441.8755,439.6023
439.1376,439.8044,442.9661,437.7081
437.1625,438.6426,440.5419,436.2128
437.2787,433.2678,440.4864,433.1365
432.8627,435.0712,435.6572,432.6768
434.2529,436.6675,436.9099,433.4143
439.3801,443.7041,444.6437,438.0415
445.1589,447.9777,448.8212,442.608
447.3109,448.013,448.0635,445.361
449.7861,449.8618,452.3674,449.579
450.9226,452.3522,452.529,447.2023
449.9073,452.1249,453.8474,449.1193
452.8978,456.9995,459.5349,452.4734
457.1561,457.3531,457.4213,454.2263
457.9492,456.3681,458.1664,455.0446
456.7621,452.1047,456.9288,452.1047
448.4424,451.0893,452.8669,447.6493
450.0437,447.2856,452.4128,444.967
445.6742,447.0027,452.0138,444.9771
447.23,448.0585,449.5739,445.5378
448.4171,451.5339,453.0392,447.5988
456.0953,458.2978,459.8334,454.984
456.55,460.0355,461.1973,454.4132
460.0355,455.6407,461.0306,453.115
452.9119,447.8665,456.1206,442.3099
460.0254,464.2231,464.7333,456.2418
464.0008,465.2385,468.1986,462.8643
464.5353,468.335,468.7593,461.6519
467.1024,466.9054,468.7745,462.8946
466.2487,464.7333,466.2487,462.3288
464.8545,461.1973,465.1425,458.9342
457.6562,456.3732,460.2552,454.8224
457.2774,460.187,461.172,453.61
457.2016,454.2313,457.7977,453.1574
451.3419,449.584,452.3118,448.2353
447.7756,444.477,449.1597,443.7698
445.6944,449.68,450.0841,443.1485
448.5081,447.7857,450.6297,447.0532
444.7144,441.9513,445.457,441.5931
443.0474,443.9213,446.8966,442.8353
441.3198,441.3704,443.5172,439.764
437.5565,443.1434,444.3659,436.7028
439.37,440.4257,442.6686,436.0663
444.9973,448.7404,449.5183,441.0269
446.9219,451.5945,455.1356,446.1995
454.9739,455.3225,460.1062,453.3675
454.9436,448.897,455.1356,448.7455
447.6847,444.1386,449.291,443.6587
442.022,444.578,446.9017,441.5623
443.0121,438.9608,444.3558,437.2029
440.4762,447.2856,447.5584,439.2993
444.4315,446.5329,448.0635,444.285
449.6901,445.5883,450.0841,444.573
444.3911,439.6882,444.5275,437.112
436.7685,436.5967,437.6222,427.9689
434.2731,435.6925,439.1982,432.9748
433.97,438.39,439.7741,431.4291
438.2789,440.9915,441.4814,431.909
440.0913,438.5264,443.0121,438.2233
439.86,439.4357,443.9719,437.6626
438.6224,442.3604,443.5122,436.5917
445.169,446.2955,450.66,444.7296
441.1531,442.1331,443.9314,439.9863
445.9369,443.0121,449.5588,441.4966
449.286,455.9236,459.3333,448.0029
458.1513,458.6817,460.5204,453.4231
458.9393,457.1561,465.0364,457.1561
459.2676,459.692,461.4443,454.8931
456.5853,464.2282,464.7232,455.6458
462.6572,452.3573,462.9047,451.6096
448.114,443.2646,448.9172,443.0828
443.2798,443.9668,445.7752,441.184
444.6437,442.1584,444.8003,440.5672
440.2237,439.9004,444.3558,438.582
441.3097,432.9092,441.436,430.8431
433.0254,435.9451,436.3795,429.7116
435.2076,428.4942,435.3591,428.4942
427.2111,422.7861,427.7567,422.3011
419.0733,414.2693,421.5687,413.7389
414.436,415.8656,416.6031,412.3801
416.5273,413.7137,418.0781,413.0469
413.744,405.7576,415.5827,405.6314
404.8332,407.955,408.0257,402.3883
408.7127,412.3245,412.4357,407.9702
410.9121,408.2126,413.2085,408.1571
408.1066,404.6211,411.9457,404.2978
404.1735,404.419,406.1153,391.4873
404.0503,388.5373,405.8536,387.0723
386.8976,396.7155,396.9429,384.5467
395.3062,397.4228,399.4913,393.0532
400.7668,397.3419,402.0953,395.9932
394.988,397.0186,402.6005,392.5077
399.0897,400.0697,400.1263,395.4931
399.2615,400.5193,400.6304,396.0639
399.1554,395.488,400.2516,391.9924
392.8259,391.7399,395.9073,390.5326
391.4115,393.3816,393.7857,388.1533
395.5537,397.0742,397.544,392.1945
401.6256,406.2628,407.0205,399.7212
407.2488,410.9152,411.289,404.4534
410.703,406.4093,411.6072,406.1365
404.717,401.5952,405.2525,400.7062
401.18,406.1314,406.8285,400.7314
405.4596,407.4903,407.6519,404.7878
410.3898,410.9354,411.1879,408.051
408.9855,410.3848,413.8299,407.561
409.324,411.5618,411.8143,408.9855
409.8039,409.819,412.6616,409.0916
411.5456,412.6175,412.961,409.8948
409.8342,409.7937,413.84,407.3741
408.051,406.6416,410.5616,404.8585
411.3405,413.4611,414.3704,410.8546
414.9967,417.7498,417.7498,412.9004
416.9011,418.2095,419.6188,415.3857
418.063,419.6289,420.225,416.0727
421.7051,420.124,424.1702,420.028
420.0381,421.5434,421.7555,416.7698
420.5816,421.3212,422.6143,419.0581
419.9674,424.8395,426.3423,418.6691
423.6165,418.7298,424.3974,418.7146
414.9786,406.7932,415.6534,406.6416
407.2428,403.0046,407.7227,402.1711
404.7221,404.6716,407.6469,404.6362
404.0048,401.4892,406.5154,399.6252
399.1301,401.5902,402.07,396.2357
399.4534,405.2778,408.3642,399.312
403.9694,403.7421,404.7474,400.984
401.8579,403.1056,406.869,399.6807
400.3071,406.7932,408.6471,399.9707
407.5762,402.0903,407.6519,401.7316
400.5243,397.7511,400.7112,397.5844
397.9633,393.8766,398.428,392.8865
395.4577,394.0787,396.7155,393.9979
394.3666,394.897,398.0037,393.6948
395.2355,393.2048,395.5285,390.8559
396.7257,394.0787,397.3823,393.7908
390.9569,388.81,393.4118,386.6884
389.0474,383.4403,390.4568,383.1524
386.8097,384.4809,389.5223,383.6399
383.4151,387.7947,389.201,383.0362
391.7904,383.0009,392.2955,382.9503
381.7329,379.1163,382.7079,378.985
380.7934,380.7479,384.39,380.3286
380.7176,377.217,382.3694,377.1109
379.2274,379.7477,381.6875,377.7928
380.7126,379.2476,383.1423,378.985
380.7934,374.4336,382.3087,374.0643
374.5649,371.7816,378.3535,371.6806
355.0512,355.9554,356.2964,351.3384
355.8796,358.8347,360.0521,354.2733
359.3197,362.5475,363.522,359.1681
361.2746,364.9167,365.8967,360.5068
366.1947,363.3659,371.2815,359.7137
365.346,372.2918,374.9185,364.8914
373.8022,374.8175,375.0329,371.9382
374.5548,375.2368,376.333,370.5238
372.8565,369.9025,372.9737,368.0486
370.4228,371.5543,371.9381,365.9421
371.1552,371.5088,373.494,369.0488
372.7818,368.4224,374.5498,367.5839
365.5582,366.1947,369.7307,364.068
365.346,363.4113,367.2403,361.9616
357.3294,353.6014,358.9408,351.5809
353.6065,354.4551,357.092,353.6065
356.7788,357.2082,358.0669,352.8993
358.0821,357.6779,360.1077,354.8188
358.4003,360.9311,361.2695,357.3749
361.4968,360.6583,363.1078,358.9156
364.8965,365.3511,366.0533,362.1745
363.7599,364.063,365.2198,362.0272
364.2448,361.9868,368.3011,361.2039
364.0983,356.3797,372.9384,355.6321
354.5931,353.1822,357.5517,352.8084
354.9653,361.6433,361.9237,353.3741
352.3689,353.2125,355.3745,350.3079
352.0254,348.55,354.5713,347.3983
346.2364,346.2213,349.3835,345.413
345.6252,351.0757,352.0254,344.7205
349.1208,347.3326,351.3838,345.7767
347.4488,349.636,350.8231,344.6756
349.0703,351.0757,351.3333,346.3779
351.202,354.733,356.5767,350.6266
352.778,349.2117,353.2074,346.3728
349.5047,347.4286,350.52,344.5088
345.3524,337.4418,345.9788,335.3606
338.8057,333.4815,340.9728,332.3853
333.9766,336.6488,336.9316,332.9006
337.4216,338.4319,338.4471,336.477
336.3608,337.9369,338.3461,333.5977
338.4319,338.1996,342.4882,335.7041
337.5429,331.2235,337.9015,331.1376
326.9197,326.3186,329.8672,321.2722
326.9601,328.3442,333.3956,325.2608
329.6323,333.729,334.4968,328.5968
332.9174,334.9111,337.2347,332.5015
336.376,335.2899,338.3461,333.8351
334.9262,330.6931,337.6085,328.4957
329.501,338.5481,339.1997,328.9655
336.9923,340.9728,342.6054,336.674
344.3674,346.2667,346.782,342.2609
344.9938,345.7717,346.9638,341.2557
347.4983,350.9696,351.3535,347.2214
347.3326,343.246,349.0046,342.8519
343.6489,343.4278,344.0037,340.9728
341.0486,341.7305,345.0291,339.0533
342.367,343.4985,344.5088,340.2201
342.1358,346.9335,347.0345,341.1092
343.6753,339.4624,347.2012,339.4574
342.8267,344.0087,345.8374,338.2955
344.4027,356.4201,356.9859,339.4574
351.0757,381.6572,383.6197,341.478
381.6319,375.8025,382.0613,373.9386
376.1814,373.8729,377.3382,372.0191
374.3023,374.7872,375.7419,369.1099
376.2067,379.7932,381.3187,375.8783
379.6063,380.3236,383.1524,379.0052
376.1107,374.7468,377.61,372.9434
375.8733,383.7434,384.5764,375.0852
382.819,384.4153,385.7185,380.955
387.7745,389.3202,391.1741,386.4384
387.9765,385.2993,388.906,383.607
385.173,381.7481,385.8903,379.97
382.3896,386.5369,386.9359,378.9951
384.8093,383.4302,386.4358,381.9956
381.1318,380.955,383.5565,379.4396
382.1421,383.8849,385.3447,379.6922
380.6065,378.7829,384.5365,374.3124
378.4344,380.3994,386.3803,377.6766
378.5455,369.2609,378.8789,368.8821
370.7713,369.8721,371.2411,368.8164
367.8044,365.9623,369.4529,364.3206
367.4929,362.4415,368.0284,361.8909
362.8355,357.5315,363.0274,357.0263
358.6428,357.6982,360.1077,356.1272
358.4912,358.4508,360.1683,357.1425
356.6525,350.1109,358.1477,348.8228
348.9945,348.2519,351.0297,343.9431
349.6562,352.5709,353.9298,349.0551
353.9904,358.5316,360.0723,352.7881
356.7081,353.6014,359.7895,352.4244
353.2983,346.5092,353.5459,345.888
343.8622,343.4985,346.782,343.0641
344.0239,345.7969,346.0243,340.2151
346.0697,345.5191,347.8327,343.5187
344.3472,345.6403,347.2316,343.5895
347.5447,342.17,348.0398,341.5537
342.1094,335.9214,342.2963,335.79
338.0531,334.906,339.4574,333.0117
342.8065,341.2759,343.7258,340.5081
341.8821,340.6041,343.741,338.9522
342.074,337.1236,343.8016,336.7791
338.1996,340.0181,342.4882,334.4908
341.2456,341.2254,342.9277,339.7908
342.0538,340.5283,342.1094,339.3058
339.8968,337.1893,340.791,336.9721
337.2044,338.5885,340.5939,335.4667
337.7702,333.0168,339.8867,332.8905
333.4007,327.0409,333.4714,326.6671
324.303,322.5805,324.4243,321.3378
324.4798,325.5709,326.5105,324.0607
324.4192,322.8128,326.2579,322.535
323.5655,324.1969,325.4447,321.5096
324.7172,323.0957,328.031,322.8987
323.9646,323.2927,325.1719,321.3429
317.6099,315.9732,322.2976,314.9124
319.5951,321.9288,323.0444,318.9384
319.7416,317.3623,321.5247,317.3421
319.4031,321.2974,324.6061,317.9887
320.7468,312.6291,320.767,311.927
309.8357,310.6641,311.6087,308.1535
307.123,307.2897,309.8458,305.7996
306.9109,310.6641,312.1442,305.2793
310.9217,303.3294,312.3563,302.2029
308.5526,307.512,309.6235,302.1676
299.5812,296.0856,302.3191,296.0149
293.368,291.4585,294.848,291.0291
291.3322,292.191,293.3225,287.1244
290.4179,291.1504,292.5749,288.8322
291.2261,289.0187,292.5538,287.2001
288.1751,286.4778,288.9075,283.9369
288.5337,291.115,291.898,285.3766
293.8428,298.1315,299.263,292.3476
296.02,295.4845,297.3283,293.6155
296.0048,299.2731,299.8136,294.4086
301.0259,297.4091,303.1172,297.298
296.9393,292.9891,297.2323,291.9738
293.2215,293.9034,294.4994,291.216
293.0194,290.4381,293.0497,289.0439
285.0583,285.8615,286.0282,281.4718
287.579,286.7708,289.9471,285.9221
285.2452,284.2753,286.2151,282.6185
283.2347,286.5839,286.969,281.5425
288.6802,286.9223,288.6802,285.8211
285.5129,292.9032,292.9032,284.7653
291.7262,292.8881,292.984,289.7057
293.7569,289.7461,295.1461,289.5087
288.362,284.2046,290.0593,282.5023
285.1593,283.0529,285.1644,281.4112
282.4013,283.5378,285.4422,281.1233
283.4318,283.75,286.4172,282.2144
285.4574,287.8164,288.0841,282.1638
287.1749,295.1107,295.6702,286.2606
293.2114,290.8877,293.4892,290.2462
292.0899,296.8231,296.9696,291.5949
293.272,291.2059,293.9792,289.7562
288.1397,290.6856,292.0394,286.1494
292.2718,288.0437,293.2316,287.9376
288.4276,288.8368,289.2712,287.0991
293.4185,297.3889,298.0355,292.4789
297.1414,297.106,298.9953,294.7672
300.2278,300.9704,302.6475,297.1868
298.8084,303.5921,303.9608,297.1666
304.9358,307.7141,309.1083,302.5151
307.8656,303.9204,307.9363,301.6321
303.4911,309.8761,310.063,301.0664
310.2145,303.3446,311.0147,303.0869
303.289,315.7661,319.4637,301.42
314.7305,320.176,322.2067,313.8112
317.7008,312.1593,318.2918,311.1389
308.6991,305.7895,310.6641,304.9812
305.1075,303.481,307.3807,303.3799
305.7288,308.3152,310.4368,305.4965
309.9872,309.6336,311.2652,308.2546
307.709,306.532,311.3612,304.0013
309.5477,305.8804,311.6239,303.4405
306.9008,300.5612,308.4263,300.5612
301.5564,306.0774,307.0718,301.4755
308.6536,307.9464,310.5782,307.608
306.7543,303.6931,307.1837,303.3951
305.3247,305.0014,308.9466,303.1829
305.5369,309.6488,311.2107,303.3951
310.654,310.6742,311.5431,308.4415
310.9015,308.5981,312.1795,307.9868
307.9969,305.1075,308.8203,304.5418
303.7285,302.1979,306.4361,301.7332
301.8746,299.5004,302.304,298.1365
301.0967,305.2338,307.5575,300.9805
302.7333,305.9612,311.3006,302.5818
306.8503,307.1534,309.5528,304.5064
307.9212,307.411,312.023,306.628
306.1532,314.7053,315.1144,303.9255
315.5135,327.1066,327.834,314.9781
328.8544,324.4798,329.9303,323.4241
321.252,320.2467,321.2722,318.898
316.6551,320.0194,320.5144,315.4882
318.6656,317.4735,320.9337,315.8621
319.4132,319.3728,321.4894,317.5189
320.8428,322.5098,322.7876,318.7969
324.6162,326.0256,327.3086,322.6057
326.7883,323.6817,327.0813,320.6862
323.9191,329.2282,330.1071,323.7979
327.541,330.0819,331.6731,325.4649
331.2538,329.3696,332.6829,328.8897
326.8389,326.8439,330.1122,325.7174
328.0057,325.8185,328.0866,323.0604
324.6011,326.6267,327.5865,323.7474
326.3489,322.535,327.738,318.7464
323.2826,320.57,327.0258,319.5092
320.0042,318.706,321.3025,316.8622
320.2518,314.7659,321.9137,313.8167
315.7358,313.6394,316.1742,313.2151
313.7607,311.4723,314.9578,310.5782
311.1642,310.6641,314.5941,309.8862
312.0684,307.507,312.1038,305.8915
305.6884,303.0869,306.623,302.7131
303.2132,307.1028,309.0982,303.0869
306.6937,308.1586,308.8961,306.2946
306.5219,307.6585,308.7384,306.0471
305.5925,307.1534,307.5373,299.9752
310.2853,313.4071,314.4476,308.8355
313.8213,314.2001,315.2104,313.3515
314.4022,314.3315,316.0692,312.2553
312.3058,312.4826,316.0186,310.9167
312.3766,308.1384,313.0737,306.9665
307.7898,306.4158,309.3305,305.643
308.0879,306.7998,308.9719,305.8703
306.1734,306.623,307.0978,303.2637
307.0978,309.1285,311.5633,306.4765
310.159,305.0419,312.1189,304.5418
305.4308,305.5975,306.9412,304.2993
306.3805,304.5114,307.5373,301.9403
305.8955,309.6185,309.6185,304.3801
308.0172,308.9163,309.1487,305.4914
309.2497,308.391,310.0774,308.1485
306.0723,307.0675,307.1938,305.1075
308.8759,309.1588,310.4115,307.6332
308.0626,307.4514,308.8203,305.4822
306.5068,306.6987,307.8303,304.9874
307.6787,300.5663,308.5577,300.0611
301.2331,298.3689,301.6069,297.0505
295.5653,295.4441,296.222,294.0347
293.4033,295.4795,295.7623,292.5496
293.0396,294.4995,295.0046,290.5341
291.8172,291.999,292.984,289.6501
292.9739,288.3266,293.1457,287.5941
286.9728,288.9328,290.1956,285.1796
287.675,291.7262,292.3324,286.104
293.4538,296.1766,296.8636,291.9738
295.7724,296.0149,297.3586,294.5803
296.0099,298.3032,298.5406,293.8428
323.0755,323.7928,323.7928,318.9788
319.7113,316.5389,320.2619,314.2607
317.524,319.2415,319.2415,316.0591
315.7105,316.352,316.7006,313.7253
318.0594,318.8576,319.7012,316.4733
316.2005,314.9578,317.9331,313.7576
314.776,318.115,320.1608,311.6289
314.4325,326.5762,326.8288,313.8112
328.3543,332.9663,333.3956,328.2381
332.8955,334.4716,335.4011,331.4912
337.5782,335.9365,338.5734,333.7088
336.1285,329.8293,337.5126,329.5414
326.2731,324.3131,326.7075,324.3131
324.5051,324.0454,324.8082,320.868
323.1412,324.6819,325.8185,322.333
323.419,319.2768,325.5608,319.2516
319.8274,319.2516,320.6054,318.5242
318.0897,317.2057,319.1152,316.7309
316.1298,318.2463,319.1607,312.6645
318.4282,317.231,319.1708,317.2259
314.1143,317.236,317.4836,313.1898
316.2005,315.3721,317.8978,313.9324
312.9575,314.4628,315.2104,312.5281
312.2149,314.1233,315.3721,309.3962
316.0338,317.6149,321.555,314.6295
315.9126,314.1395,316.3116,313.3363
316.938,312.1795,317.8018,311.6795
311.1945,313.7152,316.9532,310.8157
314.9023,314.0385,316.049,312.2301
315.0942,314.7002,317.5442,313.3111
316.0439,317.0491,319.2011,314.4022
313.3717,311.6997,315.2104,311.3006
310.0428,303.0869,311.1693,302.5818
302.7788,302.0514,302.8394,299.0912
294.4641,296.9646,298.2173,293.6559
297.1212,292.6658,297.4394,291.216
284.3966,285.5028,290.0896,283.553
287.9882,290.6351,293.1103,287.9882
292.984,292.984,295.4946,290.5796
293.4589,296.904,297.2778,288.9883
300.5006,304.0972,305.3601,299.9298
303.5264,308.1636,309.2952,301.4604
308.881,309.1891,312.3311,308.4465
311.4521,309.5528,312.22,308.391
309.6538,307.1281,312.22,307.017
307.3049,303.7436,309.1941,302.3797
300.6016,306.085,306.0912,298.8235
303.5668,305.2389,307.8303,302.41
309.3204,307.6332,310.3459,304.9055
307.2948,299.7126,307.5221,299.162
301.1371,299.8035,302.9556,299.263
301.8241,296.5201,301.8241,294.8632
295.4188,295.4593,297.005,293.2265
292.3021,293.0346,295.7674,291.3423
299.3691,300.6067,302.9303,298.8791
303.1577,300.3187,304.2488,300.1824
302.4151,302.2888,304.4508,299.7025
296.1715,297.8082,298.1264,289.3773
294.5803,299.6014,300.5612,294.4237
301.2785,296.3786,303.0718,296.2675
298.283,297.788,299.4246,296.3685
294.8379,293.9438,297.4748,292.7365
293.3376,296.6918,299.0761,292.59
298.2931,293.08,299.3287,291.6707
294.2014,294.8632,298.9599,291.9738
298.8841,302.8192,302.8849,296.808
282.3709,277.8448,282.376,276.8295
277.072,276.8851,280.4716,275.1171
274.3846,269.4746,276.2132,269.4746
271.3487,265.292,271.5002,264.2918
260.2102,261.074,262.9279,257.7754
260.0031,256.361,260.2658,253.8858
254.9466,250.7287,256.5126,242.8585
253.5322,247.5362,254.3101,242.7706
250.3094,257.5481,258.6342,250.0467
260.1698,262.7814,264.6959,259.8364
266.4639,270.7779,271.4144,262.3773
267.1408,273.536,274.8089,266.565
272.4449,271.869,276.3395,270.7829
268.6815,266.3376,269.2069,259.2656
265.4587,260.9376,265.9184,259.8971
263.0087,265.8325,267.109,259.6445
272.3741,276.6628,280.3554,272.2024
276.1248,277.5266,282.1335,274.127
276.1476,272.955,277.7792,270.4445
276.1526,275.2029,276.2334,274.3644
274.0714,270.5051,275.2939,270.0303
268.7724,269.0351,271.2376,265.6153
267.4843,268.7371,269.6868,264.3928
267.7874,261.6449,268.732,261.4125
265.1253,268.434,270.0757,263.2765
270.2323,269.6463,272.3236,268.6866
269.7625,267.9541,270.7269,266.4134
263.7766,258.028,264.0695,257.8765
265.1202,264.9333,266.6759,263.0441
268.9897,273.1571,274.713,268.3411
273.2632,275.1726,275.9607,270.7577
273.1318,271.8639,274.2886,268.136
272.3135,270.0303,272.5004,269.5261
266.1406,262.6703,267.9561,259.2101
262.6956,267.9188,271.3992,261.8166
264.3373,262.3369,267.7268,261.2761
262.0793,254.3405,263.3876,252.0966
251.648,254.593,256.1085,249.8093
247.9857,252.2391,260.084,247.9554
255.0376,264.4282,265.1455,252.82
269.318,272.7934,274.6422,268.1158
272.2731,279.0572,279.0622,267.8783
281.4819,279.5623,285.4018,275.8344
284.7855,287.68,288.1852,283.0832
283.9571,279.7593,287.1749,277.0265
277.3296,283.5782,284.9623,276.683
289.6551,283.3863,290.2613,273.2884
275.8192,284.3865,287.4274,274.9756
292.4991,294.2696,298.0355,283.8914
291.7313,300.3086,302.506,291.706
303.678,300.1925,304.6024,294.8157
299.2478,306.1178,307.9717,298.8286
306.5068,308.7547,310.9167,302.6727
304.9509,305.2237,310.6439,304.9509
308.6132,305.7086,311.1592,304.6024
306.7341,311.7653,313.6697,305.4864
314.4628,312.2048,316.978,311.7845
312.6746,309.8357,315.9223,309.6538
312.2957,305.8097,312.9373,305.2439
306.6179,300.0712,307.1584,300.0611
300.738,304.1882,304.5165,300.738
304.3751,301.1371,305.451,300.8289
300.5309,299.2933,304.1225,299.0458
301.8847,301.8241,303.2132,297.1061
267.1913,272.3337,273.7885,266.075
271.8993,271.2628,274.7988,271.0022
269.7524,266.7973,272.4853,265.7062
266.3528,266.8074,270.7476,265.4536
268.732,269.217,271.5912,266.3478
276.1122,273.2834,278.1732,270.697
270.4344,269.4948,272.0256,269.2624
268.9594,265.3526,270.4546,265.3526
263.1946,255.9771,263.2714,255.7953
255.7953,253.5777,255.9418,253.3302
251.3449,250.8246,252.6987,248.7232
249.3648,244.5002,250.6567,244.5002
243.884,239.4387,246.7128,239.2366
239.8832,242.8131,242.8484,238.9436
242.5807,243.5455,243.9143,239.3023
246.0081,248.2535,248.7081,245.8692
249.0364,246.1015,249.5113,244.8609
244.7831,244.9953,245.6166,242.0806
245.0054,255.6942,255.9519,244.8942
252.7594,253.9919,255.8913,250.8903
254.0626,255.1133,256.7904,252.8806
256.8005,256.6894,259.6849,256.1034
254.9618,257.6239,257.7249,253.6686
257.3739,259.6849,261.0033,257.2652
261.0235,262.6753,262.6753,260.4729
262.2561,260.9225,263.3017,260.5436
262.1854,264.1352,265.0142,262.1652
263.2108,264.4636,266.1195,262.2965
264.2312,263.6856,266.5144,263.4331
266.7468,266.4993,267.8783,263.9281
265.5042,266.7367,269.3432,265.3577
267.2318,265.2011,267.2469,264.4434
263.13,261.9075,263.5796,260.8063
261.7307,261.5135,263.7463,260.1496
262.5087,261.3266,264.0746,261.2862
261.7964,262.8623,264.6767,261.7408
261.8621,260.9579,262.6753,259.3414
264.7111,268.6361,268.732,264.2565
268.3582,269.1058,271.0304,267.5854
267.6308,267.4944,267.8935,265.5547
267.9592,260.3668,268.3431,260.1648
261.8772,265.8628,266.3478,260.8568
267.4995,270.0555,270.7173,267.2469
270.2778,270.3738,271.2325,268.1865
270.4798,272.849,274.57,269.5908
274.1219,272.7782,275.016,271.5356
271.6063,270.2525,272.0155,268.2825
270.4041,271.8437,273.5158,270.3434
269.8838,269.6767,272.4859,268.4845
270.6516,270.3384,272.2731,269.2523
269.6918,271.3285,273.7936,267.5399
272.0508,275.6576,275.6727,271.3234
274.8493,272.7782,274.8493,272.0256
271.7528,271.7983,272.3984,269.7878
271.6467,271.768,271.8235,269.9242
269.1513,265.9689,271.485,265.3072
265.2263,265.3274,266.2114,263.6907
265.2516,266.4589,266.8579,263.8826
265.5698,265.6557,266.1204,263.3775
263.4482,267.7015,268.1713,263.13
266.1305,265.9184,266.5468,262.1702
268.0804,275.4505,275.6828,267.7571
292.2314,290.5543,292.7062,288.9934
291.1049,290.7159,291.7717,288.8166
288.2407,290.4583,291.4257,286.9476
291.6555,291.0645,292.0243,289.448
292.0546,295.4522,295.4542,292.0041
292.984,290.8271,293.3073,290.0492
290.0441,289.0338,290.5391,286.9223
287.4729,293.5296,293.7367,285.7504
296.8636,299.5509,300.4299,294.55
298.9448,297.4091,300.6572,297.4091
296.3988,294.4995,297.1066,293.863
293.9135,295.1966,295.7623,293.278
293.8579,290.9635,293.9388,289.4531
290.6402,294.0297,295.5047,290.3118
292.8527,296.4594,296.4746,292.6001
296.4645,295.727,297.2222,292.3779
294.0752,290.5543,294.2216,288.9429
291.6303,291.605,292.5951,289.2005
291.216,288.0437,292.883,287.4376
283.4166,285.225,286.9173,282.7498
283.5681,285.1442,287.4274,283.1539
281.4162,286.9274,287.8265,278.4763
287.7103,281.6183,288.4377,280.608
287.9275,289.347,292.1202,286.9324
291.3221,292.0849,292.984,289.6147
293.1356,295.732,296.3281,292.7062
298.9296,298.5406,300.3137,295.8891
299.2024,299.5156,302.0665,298.1365
298.874,303.3648,304.9509,296.5201
303.4001,307.2948,307.6231,303.188
307.9161,306.3098,308.8911,305.6127
303.486,302.9859,306.1178,300.6572
303.4709,312.0684,312.7958,302.7351
309.8559,308.1384,311.4168,307.1332
308.1586,309.078,310.5227,307.8858
307.5423,308.8405,309.6993,303.7689
308.8052,308.3051,310.5126,305.1075
308.2445,313.205,315.6802,307.0119
318.2817,316.2207,318.8374,315.3013
315.8469,313.8213,316.8521,313.3313
315.3215,316.0338,316.4733,314.2506
315.2862,316.8875,318.2868,314.7558
317.3068,314.877,318.0589,313.21
315.463,310.0529,315.7156,309.6538
311.3915,310.1085,311.927,308.9264
311.4218,311.6087,312.912,309.3204
312.3715,310.6288,313.0024,310.4178
310.308,308.2192,312.3766,307.7393
308.6334,308.2142,308.8668,306.4259
308.2142,307.8757,308.8708,306.1835
309.1487,308.6435,310.3307,306.8907
308.6637,305.355,309.8332,304.6584
303.2688,304.9055,305.3449,300.839
303.587,312.7201,313.3717,302.9657
311.5683,312.124,313.0383,309.7811
311.4218,313.3565,314.4476,310.8056
313.1444,307.2291,313.5384,306.3805
308.6839,306.9109,309.3962,303.7083
309.0628,323.0806,324.1666,308.8254
316.6097,319.3577,320.3023,314.8518
319.1253,324.3636,324.788,318.0695
323.1058,316.251,324.298,315.852
315.3013,311.8765,315.3468,311.7148
311.5178,311.6592,313.0231,310.2398
311.6087,312.8615,312.8615,310.5479
311.1743,312.0331,312.5837,310.4115
310.265,310.5631,310.8611,307.411
311.3915,311.1238,312.3058,308.2041
309.9064,308.4819,312.3968,308.1636
307.6686,303.1223,308.3051,303.1122
304.1578,305.9259,306.2087,303.1476
305.2843,301.3088,305.9107,301.3088
300.0409,301.4402,302.2888,299.0609
302.5111,302.0767,303.7608,301.7686
303.5921,304.0972,304.3043,302.5414
302.5414,304.1225,305.0419,302.0817
304.2892,304.471,304.9964,302.8344
305.2237,305.7844,306.1178,304.1124
305.8602,305.1075,306.623,304.7438
304.6377,302.3646,305.4712,301.8822
300.5915,300.3844,302.016,297.3568
298.4396,298.5406,299.3287,296.8585
298.8993,299.4752,299.9399,297.0606
298.187,300.1571,301.2937,297.6062
300.5158,301.617,302.2231,299.2883
300.3693,301.6321,304.6024,300.1015
299.1519,299.6216,300.051,298.182
298.7932,299.9955,300.8542,297.5303
298.3083,299.0306,299.3085,294.848
296.5908,298.677,299.5509,296.0149
292.1556,293.272,293.9943,291.2716
289.448,287.6548,291.2059,286.9223
288.852,287.2566,289.6147,285.5837
285.0785,284.3966,288.7257,284.0935
280.7141,290.1148,290.1148,279.5017
294.0499,297.6162,297.9345,292.9588
298.0355,298.2679,299.5408,296.5201
300.5461,296.6767,301.3694,296.5453
294.5045,296.5251,297.5354,292.0748
298.6518,296.7575,299.7732,294.3732
298.4548,301.5715,302.0211,298.2072
301.3492,297.5303,303.0768,297.3081
294.7773,295.5098,297.7829,293.6756
294.8632,299.4297,302.0211,294.7268
300.7986,304.6428,305.1075,300.0813
304.7489,310.1539,311.6239,303.6978
311.7704,313.0383,313.1141,310.265
314.6447,314.2405,314.7053,311.932
315.6246,318.2413,318.6707,313.448
316.6097,315.2205,317.9837,314.7709
315.756,314.7962,315.9631,313.7505
315.3468,315.5337,318.2009,314.2506
313.2808,311.927,314.1143,309.9075
310.9672,312.518,313.1898,310.452
310.6641,311.0329,313.5232,308.7496
310.0074,311.7098,312.6847,309.6488
312.4725,313.2151,313.695,309.8054
311.4067,311.0531,313.1898,309.3154
312.4826,309.7043,313.8112,308.6587
311.4218,310.9611,315.5842,310.649
309.4164,309.1083,310.5732,308.1636
309.1436,308.9012,311.1693,306.1178
307.118,307.1988,311.8664,306.8755
307.0422,307.5575,310.5732,304.5317
312.0331,303.3648,313.0332,303.3648
303.8194,302.7182,303.9154,298.8437
273.248,274.8898,275.4303,271.3184
274.4452,276.3143,276.5633,273.9552
273.4804,272.8389,275.804,271.6619
272.1923,272.0104,275.1019,271.3487
270.9345,269.126,271.5684,266.5246
267.7318,270.8637,271.3638,267.2924
269.9242,272.4044,272.7529,267.697
271.8841,266.9085,272.7782,265.984
263.8624,265.1758,266.8428,262.0945
265.5143,267.7268,268.04,264.1908
265.6001,267.3025,268.6709,262.1298
266.5599,266.6407,269.2112,265.0551
266.2972,269.4847,269.5403,261.8924
267.9339,267.1449,271.1865,267.1448
266.3579,263.5543,266.6301,261.7964
259.3818,259.9526,262.518,258.2806
260.6548,259.0686,261.5539,258.4725
259.3717,257.4623,262.6652,257.0733
256.755,248.7839,257.831,248.5616
247.5968,244.3638,248.1272,243.0656
243.005,242.4443,243.7072,242.1715
242.7928,242.4443,243.4243,241.7118
242.6868,243.4849,244.869,242.51
243.6162,242.9242,244.6669,242.2321
240.5197,241.9745,242.3635,239.9843
240.5399,241.3734,242.6716,237.7111
237.7111,234.9884,238.6808,234.6449
234.5893,234.6398,236.2007,233.8922
237.5696,237.6808,238.3678,236.1249
233.973,233.8013,234.6044,232.5232
232.5359,229.8308,234.8621,228.5781
227.3253,227.3708,229.7753,226.3049
228.674,231.9373,232.2454,228.5382
231.7756,228.6084,232.3616,226.1281
227.8102,230.3764,230.9826,227.5375
229.649,227.3152,231.2604,227.3152
228.0174,231.2048,231.5433,227.7799
234.4226,233.1244,236.5341,231.22
233.387,236.3927,238.2213,232.882
236.3927,242.9797,243.7375,236.029
243.5556,247.7433,247.9605,243.2525
247.7837,246.7784,249.8952,245.5156
245.2933,244.3285,247.4553,242.7231
245.6772,247.0159,248.1221,245.5055
248.5363,244.4598,249.9204,243.7375
248.4,251.4258,251.5622,248.2787
254.4465,253.7595,255.6033,251.8501
255.275,253.709,255.3507,253.2611
252.6836,255.3002,255.472,250.5771
256.6641,255.5478,256.9167,254.3703
255.765,248.6222,256.1085,248.0514
247.4351,247.7736,248.7637,245.8843
247.7281,247.0108,249.1779,245.9753
244.9195,242.2928,246.1874,242.0351
244.9902,245.4752,246.9552,242.1311
244.6669,250.0164,250.173,243.8183
248.8495,247.8115,251.3096,247.6069
247.0007,247.0613,247.8994,244.9347
247.5513,242.8585,247.819,242.4746
244.8993,244.1012,247.0058,243.7223
241.2067,244.4901,245.3489,240.1611
243.2727,232.887,243.9799,232.6697
235.4884,232.8769,237.2413,231.1139
232.1671,236.9736,237.701,232.1242
249.5517,248.3949,249.8952,243.8233
248.1959,247.4604,249.4557,245.7328
247.1169,243.6061,249.0314,242.611
240.3631,238.6153,242.1867,237.9637
236.1502,238.4082,239.0649,233.771
230.629,229.1085,231.0179,227.1435
227.4162,221.4101,227.9668,219.93
220.2785,224.2843,226.1382,219.046
220.521,223.0821,223.4176,220.2432
222.0061,224.936,226.507,219.046
224.7642,229.8207,231.2705,224.648
229.4671,234.1044,234.6651,227.881
238.4688,238.7264,241.2319,236.918
238.7719,240.9844,241.2804,237.701
239.9943,242.2978,243.8587,239.0654
243.5051,245.95,245.95,241.5401
245.6267,247.4705,250.855,245.364
246.7936,252.5219,253.0609,244.9397
252.5876,253.8404,254.3253,251.6278
252.6129,254.3152,255.5377,250.9004
253.214,250.6377,254.593,250.6074
251.5571,244.0254,252.7745,243.5708
244.081,249.7841,249.7942,244.081
246.7633,243.7324,246.8694,243.2879
246.0106,242.6565,246.7633,240.3681
239.4488,246.1167,246.9552,238.4284
244.8841,246.4349,246.935,241.2269
245.258,252.0976,253.0321,244.0608
251.9259,252.431,257.245,250.9055
255.4013,250.1023,256.6136,249.8952
249.2233,245.8439,249.4759,243.2071
243.6667,242.6868,248.0565,242.5302
245.3135,248.9051,249.2638,243.985
247.7534,244.9246,248.6879,243
240.1812,243.5152,247.3998,239.9438
240.9895,236.4861,241.1814,234.3923
241.0349,242.8383,247.4149,240.8531
238.4537,236.9433,244.9953,234.5893
239.9489,245.0306,245.2883,239.3384
249.7588,250.6832,252.2896,246.3794
251.7491,257.6239,258.1139,251.0924
256.5985,255.9973,256.7959,251.739
256.3762,257.5077,258.124,250.6782
258.0684,260.9073,263.6856,257.8108
255.2952,258.6544,258.6544,253.5827
257.144,260.4881,262.6147,256.7247
263.5088,259.6293,264.0999,258.9373
249.1072,252.5573,255.2598,243.1414
251.9006,256.9925,261.4226,232.3667
257.5027,253.0675,260.5133,252.8099
255.7902,265.9689,266.08,254.6991
268.0299,265.9588,269.2018,265.2415
265.5521,268.2976,271.6063,265.4233
268.7371,269.4291,271.0102,266.0447
267.3176,268.7876,270.1666,263.1956
267.252,267.1913,271.9347,266.3301
268.5552,275.2888,275.2989,267.3277
275.2989,276.4405,277.4862,273.9249
276.3446,278.84,279.0926,274.4705
280.0018,281.0929,283.0074,278.9208
280.3756,279.9361,282.7076,278.3651
277.8802,277.1983,279.8452,275.304
277.9029,284.3966,287.3315,277.6428
300.7128,299.1317,301.9958,297.1702
297.5303,298.0658,299.2175,295.0097
296.4039,289.2106,297.4697,288.5034
289.3116,286.594,289.9532,286.0231
286.0231,286.9223,287.3113,284.9017
286.6647,284.5582,287.8576,282.9064
284.6694,286.5687,287.3012,283.8207
287.0334,287.6598,288.3822,285.6089
288.4428,288.3872,290.3977,287.4274
287.3264,288.6145,289.6753,285.6847
286.4778,285.4321,287.8013,284.3006
286.2707,284.3107,286.7354,283.0226
284.1187,284.3966,285.2654,283.1691
284.24,285.5433,286.6142,282.8913
284.336,282.3836,288.9429,282.2042
281.5324,275.5616,282.8051,272.6267
277.3246,281.3859,282.0285,273.7885
281.6183,280.9161,286.3414,279.9917
282.8811,286.0282,286.9223,281.5071
286.1141,285.2654,287.1446,284.3764
285.6897,287.0738,288.665,285.0281
285.5079,283.8056,287.1345,283.2651
284.4875,286.2555,287.6548,280.8606
292.7517,297.0959,297.1641,292.5597
293.5599,290.0845,296.121,290.0542
291.1908,284.7805,292.2263,283.9975
282.9771,282.8054,285.2351,281.1131
284.1339,285.2957,285.4978,283.3913
285.0078,283.5631,286.7556,282.8306
280.1483,276.0617,280.9262,275.9101
275.4656,273.9704,276.88,272.3994
273.3137,270.495,275.6374,270.2576
269.0856,267.3227,269.3887,266.5852
266.1103,266.4235,268.6108,264.4333
265.9234,266.272,266.964,262.6753
268.4694,269.9444,271.9902,267.9844
270.2879,274.2937,274.6119,268.8836
274.1927,276.4911,276.5668,273.2834
273.1637,273.2834,274.814,272.6267
274.4048,271.5356,275.309,270.8284
271.8725,273.7885,274.4957,271.5709
273.4349,271.3335,274.8645,269.8989
269.3028,269.2271,271.3386,267.9794
270.9597,268.8634,273.0258,267.4742
269.9722,269.7827,271.6619,266.5599
270.9799,272.5459,273.5511,270.2879
269.4796,268.9897,273.7885,268.4997
268.3784,266.9186,269.494,263.918
266.0992,271.2628,271.768,265.484
273.1925,267.055,273.8391,266.8327
268.2926,270.2298,270.2323,266.5195
269.2523,270.0515,270.6617,267.8783
267.6985,272.0155,273.2783,265.5092
269.8939,275.0463,276.3142,268.0299
273.8391,273.4198,276.6426,270.4091
274.0007,271.7528,277.6276,270.9042
272.7782,276.1072,277.7678,270.5101
277.8347,285.1543,288.2357,270.1818
294.4894,294.7217,296.4284,289.0697
293.1912,296.0048,296.0048,290.6048
296.8332,293.7367,298.2477,291.11
292.984,298.8387,299.8338,291.994
297.9597,294.9541,300.1571,294.4035
296.5655,291.211,297.2172,289.9027
298.278,302.1171,302.1575,297.0252
303.6477,305.3399,305.3399,300.0763
304.1073,299.0458,304.7287,297.5859
300.1066,307.8353,308.1384,299.3741
307.2594,316.15,316.15,306.2997
315.2054,316.8168,317.1502,313.9678
316.5996,316.7006,317.9938,315.3317
313.1797,315.5893,315.9176,313.1797
314.5689,312.4321,314.5689,312.1846
312.8868,315.5842,315.636,312.326
314.6396,314.0284,316.2157,312.422
312.422,309.6185,312.9474,309.2853
308.987,304.8549,309.5881,304.5266
303.6527,303.7638,303.8447,302.506
302.4201,302.0514,303.0061,300.8997
301.2785,301.0815,302.5464,300.5612
300.0258,301.2886,301.8948,299.9348
301.9554,302.5363,303.2738,301.3897
299.6216,299.7025,301.2583,298.5356
300.93,300.6825,301.7281,299.354
298.2931,300.3996,300.4349,296.8888
298.7932,298.2578,300.4147,298.2426
297.5404,296.7726,297.697,294.7925
296.5453,294.752,298.3689,293.9943
296.1412,295.1208,297.3738,293.4892
295.5148,299.561,300.4764,292.5698
295.8836,297.5506,298.768,295.5098
296.7777,298.5305,299.556,296.126
297.9698,297.0909,298.6518,294.4995
294.4995,293.3023,294.8379,291.5242
292.8628,288.9429,294.2267,288.4226
295.8836,296.2197,296.5503,294.3429
294.5449,294.2469,295.1511,291.2362
294.1711,291.211,296.318,290.8927
287.9144,287.68,288.7408,287.6295
289.443,289.837,289.9532,287.9326
291.2918,291.2918,292.3678,288.9782
291.7161,290.3926,291.7212,289.8117
291.1049,290.4583,291.4636,289.3369
288.9681,287.5739,289.2005,286.2202
286.8465,287.7103,289.3975,285.6594
288.2155,288.1751,289.7006,285.8413
286.2959,284.2602,287.3163,283.8914
284.1491,280.5827,284.1844,279.9665
278.3854,276.678,278.7289,275.5565
277.1477,274.5412,277.7135,274.124
272.9449,273.1824,275.5565,270.9698
271.4093,267.7318,271.5154,266.8681
269.7423,271.3032,272.5055,266.8382
270.8183,277.8297,277.9156,269.8686
278.3601,274.2987,278.7541,273.2834
272.9298,276.7537,277.8297,271.8942
276.9659,278.3197,280.1332,274.8796
279.9564,280.7343,283.7096,278.2793
279.6937,280.4817,281.8153,278.4359
279.8957,277.8297,280.3554,276.8194
278.3854,277.7842,282.5528,277.3246
278.6985,278.6581,279.3199,273.1318
278.8854,279.1885,279.6482,277.1882
277.7539,276.481,280.2291,275.0666
267.6813,269.6211,271.2123,266.3478
270.4142,268.9695,270.5455,267.7268
265.7618,264.8929,266.4437,263.3724
264.7161,264.4029,265.585,262.3319
260.7811,260.9831,263.4381,259.8971
259.7354,262.4581,264.3171,259.3111
261.4327,252.0673,262.1652,251.4662
251.936,248.3798,252.2542,248.3798
246.7734,246.3339,248.7485,244.1567
244.7831,244.3588,248.4,243.7829
246.1066,249.0364,250.7893,246.0056
250.4761,252.5725,252.6432,246.1268
251.8299,252.335,252.4462,249.0415
251.8299,249.9659,253.3302,249.1855
248.7738,249.6881,252.5371,248.5313
250.9408,252.8099,253.2847,249.0364
251.7945,252.9665,256.1085,251.4157
252.0976,253.0372,253.5777,251.4662
251.057,246.3794,252.0168,245.6116
248.2585,250.9408,251.0469,248.1423
248.3899,247.8089,251.2439,246.0813
246.6572,242.3685,247.2028,241.7017
241.2269,239.9842,241.9189,238.787
240.0044,237.6757,240.8531,237.4434
238.4991,237.6202,239.0851,236.2209
237.8929,235.7259,237.8929,233.3769
234.3721,231.8918,235.5339,231.7605
231.6696,234.5337,235.8976,230.2653
233.0233,231.1392,233.68,230.2349
231.1139,230.2551,231.4827,229.8409
228.8357,230.2551,231.5231,228.6235
230.2253,232.205,235.8117,229.5479
233.2102,232.2606,233.3062,231.3564
234.7661,237.0443,238.6153,234.074
235.4278,236.7008,236.7008,232.7354
236.4078,238.8123,238.9335,235.7511
238.1102,236.9786,239.6155,236.7715
236.7766,236.0795,237.4636,234.6019
235.0136,235.1652,235.443,233.7053
232.5738,228.3255,233.4679,227.9365
224.2692,222.2587,224.7895,221.5366
224.9309,224.84,226.1534,223.4357
224.7339,228.0729,228.3204,223.8401
232.3667,233.771,233.973,230.7957
233.5184,233.4527,234.7509,231.816
231.6493,230.048,233.2507,229.8005
229.3035,229.1691,230.9674,228.5164
230.6542,229.9116,231.5635,229.2297
230.9017,230.1794,232.0737,229.8359
227.4971,229.4873,229.7803,226.5726
227.8911,230.3461,230.8058,226.2443
229.2014,226.997,229.3358,226.5221
228.4316,226.6787,229.2853,226.1231
223.8044,227.3051,228.6791,223.4913
225.1128,223.5822,228.0578,223.5822
220.3644,220.8645,221.1524,218.1645
222.188,222.7689,223.6832,220.2937
224.6885,225.3148,225.6735,221.0565
225.6583,220.1472,227.5627,219.738
220.9211,216.5455,222.875,214.9392
216.0454,216.202,217.3133,213.9289
216.1515,217.6871,218.1721,215.0503
217.2982,217.1517,218.6517,215.318
217.3386,218.7277,219.9805,215.5453
223.5771,220.5867,225.1683,219.2834
221.3393,217.0406,221.597,216.4495
214.53,214.0349,215.5605,212.6003
214.333,210.2282,214.4441,209.7261
209.332,206.8947,210.8323,206.4527
207.3064,205.1494,209.3573,204.9878
203.3158,202.058,205.0888,201.078
200.3556,206.2204,206.7002,200.0273
206.9124,205.3414,207.4327,202.8965
206.3466,209.8422,209.8422,205.498
211.6507,214.2825,215.3938,211.2263
212.964,214.1814,215.803,211.2617
214.2522,215.1917,216.101,213.2924
214.8482,208.9683,216.3182,208.6804
210.0241,205.594,210.0898,205.3465
206.7508,206.4729,208.2359,205.3717
204.9272,205.4172,206.5992,203.3461
205.7708,210.6202,210.8929,203.0127
212.2063,211.2566,212.3932,209.423
209.1603,209.9786,211.4991,208.6248
209.716,210.2363,212.0194,207.8974
210.1403,211.8123,212.7115,209.8473
210.5292,212.9186,212.9186,209.13
214.6058,215.6262,216.0505,212.7721
216.7072,218.1064,219.0965,216.3889
218.5257,220.3594,221.1979,215.5302
220.0512,221.5465,222.5163,218.1014
221.6424,222.0112,222.7285,219.2935
224.446,224.8248,225.9715,221.991
222.4052,219.8896,222.8901,219.4855
218.0458,215.1917,218.4565,214.1814
216.4041,215.318,217.1921,213.8784
215.4746,211.5193,217.0102,211.4183
210.7616,208.1753,210.7631,207.463
207.3115,206.4426,207.9277,204.3867
204.8666,204.907,208.0482,204.4877
204.2604,197.9915,204.5837,197.0065
198.7745,200.3708,201.376,198.0171
200.29,200.1889,203.4926,198.9448
200.6335,203.1137,204.9221,199.5322
201.4922,200.0879,202.8864,198.5219
200.4617,199.3958,200.6991,194.6828
197.0065,197.5622,199.0827,196.5471
195.7436,196.4003,198.1229,194.3242
196.7741,199.0726,200.2344,196.173
201.5579,207.1145,207.6095,199.5878
206.089,203.4724,208.1197,202.6641
205.7607,203.4976,207.1743,199.5322
200.3455,204.1291,204.5786,198.2694
203.8108,205.4879,206.2406,202.5631
203.5683,202.0479,204.5837,200.6688
203.0578,201.1335,203.2703,199.4262
198.8705,199.5474,200.8406,197.7895
200.0222,199.9161,203.9523,199.4312
197.7491,194.9708,199.5171,194.9001
193.8291,193.8494,196.5266,192.733
194.9607,194.1474,196.7489,193.3442
196.7489,195.0112,198.6129,192.2076
194.3242,195.7487,196.8802,192.5158
193.9049,192.8391,197.0065,191.455
192.6976,190.0204,194.1272,189.985
191.6015,195.0617,197.3349,189.8789
198.138,194.996,201.967,194.3848
196.37,192.7128,198.4714,192.4703
191.7025,185.4387,192.4905,183.9536
186.353,190.4093,190.4346,184.681
191.0003,187.5755,191.5004,187.0552
188.1665,186.651,189.101,185.0093
182.8625,183.6202,184.3779,179.9377
181.1702,183.1655,183.7465,179.483
186.0146,185.3882,186.8127,182.5604
186.7925,184.1253,187.7725,180.8419
183.115,183.5242,186.7824,182.0138
178.8668,173.6587,179.4477,172.0574
175.8207,176.2622,178.5738,174.869
173.1081,173.0364,173.6739,169.7565
175.6389,176.8007,177.809,174.5124
178.4626,178.3818,181.4278,176.043
173.8052,177.0028,177.4776,169.855
175.3686,175.0327,178.7405,173.7698
176.094,168.4961,176.5229,168.2284
166.7786,166.8494,168.2082,164.849
166.6675,167.5465,169.7287,165.3743
168.2638,169.1276,171.7493,165.7147
169.3953,161.7373,169.3953,161.1867
161.4898,164.6722,166.5614,160.9341
163.8791,164.7278,165.4147,161.1564
163.4295,160.4037,164.1721,158.4387
160.5906,156.6454,161.6464,154.4278
155.6705,150.6595,156.8475,148.6389
146.9416,151.5334,154.8623,146.2142
155.8726,155.1906,156.6909,148.6384
154.3925,159.8683,161.1816,152.8771
161.1008,163.2426,166.1927,159.3126
164.4146,166.7332,168.5618,162.8335
165.2632,168.3799,172.1028,164.6772
170.7339,168.188,173.6789,167.2585
170.3248,174.7599,178.0585,170.3147
172.5777,172.8353,177.9625,171.2037
174.5023,167.2131,176.6088,167.1474
166.7281,175.2853,176.6997,166.4705
175.0075,170.7642,176.2552,169.2235
173.0828,180.5741,181.7511,172.4615
178.3717,175.4065,178.5081,172.0119
173.093,175.0378,175.3307,171.5927
180.6802,182.9584,183.3625,179.4426
183.3929,178.397,183.6808,177.5483
180.8621,181.3218,184.3779,178.3161
181.0995,189.9244,190.6922,180.7863
191.3337,187.5502,192.4602,185.5397
187.5502,180.064,188.8282,179.5487
178.6799,172.2089,179.5184,170.2338
173.2647,171.7846,179.0436,171.33
171.9766,173.0475,173.2647,168.6318
172.0372,168.8649,174.275,167.7081
171.0067,174.1184,176.1945,169.7292
173.4263,174.0426,174.3002,171.8048
176.1289,170.7289,177.9777,169.8853
167.4454,164.9046,168.6527,163.8033
163.6013,164.0963,165.6875,161.9292
164.0205,156.2262,167.6879,153.6752
154.8269,150.5534,156.2666,149.0935
153.0993,145.6585,153.3115,145.6585
142.8297,151.109,151.2909,142.8297
151.3768,154.0793,155.7109,149.3713
151.0333,150.316,153.3519,144.8705
152.0335,156.5949,158.5145,150.4069
158.7771,157.489,161.9495,156.7919
157.9538,159.7824,161.116,156.7111
159.156,165.435,165.435,158.3124
164.2681,160.7775,164.2681,160.3027
162.6617,165.8492,167.1574,161.0149
168.7487,168.2031,172.1529,164.8742
165.7128,162.1515,167.3242,159.1206
162.3132,155.8875,162.5657,154.3218
155.4078,153.6651,157.1001,152.8619
153.1145,151.9476,154.9835,150.8918
150.2402,151.6546,152.2406,147.2901
151.7253,153.5994,154.2005,150.6898
153.0336,152.2911,154.7461,150.7251
150.5433,151.7607,153.2155,149.8613
150.0836,155.8675,156.3423,146.8103
156.6808,157.095,160.53,156.0898
156.7364,159.9794,161.8232,156.1453
159.2419,160.9594,162.7223,157.8174
164.3135,158.8782,166.4452,157.2365
156.9334,158.6206,160.8836,154.1248
159.5046,149.3764,159.8632,148.5126
151.6546,153.6499,158.0497,150.4322
155.9988,156.211,159.0701,153.8217
154.5592,150.3766,160.6361,150.0331
152.6093,146.487,156.312,142.4509
143.4561,136.9044,143.5824,133.3684
138.5815,139.6877,143.2035,135.7678
141.1526,136.3134,142.1276,134.0351
138.9704,136.2527,140.3192,132.641
134.3635,144.8149,145.1685,134.36
147.9872,146.785,149.7502,145.6232
147.5478,141.582,149.2501,139.521
142.4761,135.7223,144.8048,135.0353
130.0445,136.0153,136.3639,125.7861
132.5652,132.6056,136.0709,124.9223
131.1154,138.8593,142.9257,130.8527
141.5315,149.2148,151.6394,140.7233
150.2402,152.3365,153.4277,144.1431
151.6041,153.0589,156.6757,150.5079
156.605,153.1852,164.167,152.8366
157.6456,147.3861,158.1104,141.4406
146.9972,152.579,157.8527,145.3605
157.3324,155.9332,159.7773,151.8067
161.0301,165.6875,166.417,156.3272
167.2737,168.2739,172.3302,164.3393
167.3141,171.7341,173.982,164.5813
172.8808,182.9382,186.3379,172.411
185.3579,178.5384,188.0958,174.5276
175.0277,180.6297,183.3625,172.4716
181.5289,179.9124,187.8936,178.9577
181.6956,186.1257,187.9139,181.0288
180.8419,184.777,187.4088,177.9979
186.2722,171.2694,186.5551,165.9452
166.4402,169.1276,173.2647,164.4752
171.3906,164.9147,177.0381,164.0408
177.9727,178.6445,180.8419,170.7339
179.6649,180.3317,186.747,173.7698
183.2413,188.1109,193.8645,182.8625
191.6116,191.8288,192.4501,181.6451
188.1867,191.4297,194.9859,183.6454
178.3263,168.092,180.0842,156.312
171.33,179.1496,181.347,171.1582
183.2211,198.7897,199.2797,180.3367
192.4703,179.7255,192.9401,174.6538
167.7081,158.1912,172.704,156.7465
166.1826,174.0325,176.0764,162.49
170.7945,166.7786,181.342,164.7328
174.7852,188.5857,189.4192,174.4619
187.5148,188.9141,189.9294,180.4176
195.4456,200.7193,208.3722,193.5059
197.254,207.0033,207.0993,194.9859
207.9783,207.6903,210.6353,203.6239
202.3206,200.0374,244.3032,200.0374
192.4602,211.9133,213.9339,192.3137
217.7377,216.202,220.8291,212.6812
222.0617,221.6778,227.3152,220.2331
219.7936,217.3841,224.7895,217.2679
216.8436,218.854,222.6628,215.0503
217.283,229.4015,229.4015,216.7072
226.8858,232.8718,233.4123,223.9206
221.799,213.4944,221.8495,207.362
209.3775,221.4959,221.8293,208.8471
223.7438,215.1715,226.9515,214.9341
219.1622,214.1814,223.2589,214.0349
221.0817,217.3184,223.269,216.7072
219.1066,206.2759,219.7835,205.2808
209.2108,214.4189,214.4239,206.9478
211.484,213.7622,218.4146,209.6351
212.1356,228.3356,228.8003,210.9233
224.4106,225.037,228.5558,222.3042
227.4465,232.3667,234.0033,227.0121
234.5943,236.7766,239.5851,232.1545
235.0187,240.8379,243.5708,233.084
234.0286,237.2918,237.9283,233.5436
239.3276,238.6759,240.6763,237.5848
236.7008,239.3023,239.858,234.8116
239.5195,244.2174,244.2174,237.7161
243.99,245.556,251.057,243.2273
247.819,248.2787,249.9841,247.2583
245.7681,243.9446,247.4704,242.1008
244.9953,249.9053,250.9004,243.7678
247.7736,247.7382,251.7036,245.8187
251.7137,257.5431,257.6239,250.3044
257.6997,256.1034,257.9573,255.3507
255.3457,251.4106,256.4166,250.6984
252.5876,253.3807,254.3607,249.481
253.8909,253.5827,255.669,251.5622
252.9968,248.7687,257.0581,248.4202
250.0518,242.5453,250.4256,240.2924
242.025,243.4798,244.4901,240.6561
245.6722,241.6462,247.4048,238.686
242.3938,236.2007,242.51,235.5642
233.8821,236.4674,238.9386,233.3264
236.3371,238.686,239.0447,233.6295
239.3124,239.7216,242.9191,238.1455
243.8334,245.2478,245.5105,238.8376
244.0406,242.116,246.1369,241.4593
241.0147,248.5768,248.5768,240.0095
248.5212,245.7479,249.1031,243.2273
240.257,250.9055,250.9913,240.257
247.127,243.2828,251.1732,241.5098
241.0097,235.7612,242.5958,235.1957
236.8119,242.9141,244.5356,235.246
243.1363,251.739,252.0572,241.5552
269.4645,269.8282,271.2881,264.9485
270.5556,259.6647,271.0102,257.927
260.7002,260.7962,266.4639,253.1281
263.4937,272.2731,272.8106,260.3769
269.6463,271.0102,272.5257,262.3874
273.0662,275.304,277.5771,268.091
273.5612,278.2136,280.6989,273.147
280.118,275.8041,280.4514,272.7782
274.7534,273.9401,277.3246,270.5556
271.2628,268.1713,272.3893,266.4639
266.2316,271.0153,272.9702,265.7365
270.1161,262.4632,271.1214,261.1599
265.9184,268.9745,271.768,264.2211
266.7519,266.5549,267.7268,260.1951
267.1307,274.8493,275.2686,266.8478
278.3348,275.2888,281.7698,274.6321
273.9401,275.3747,278.4308,270.303
275.4101,275.4858,279.4209,273.7986
276.0263,281.3556,281.3556,275.0564
282.9822,280.5322,284.7906,278.2389
284.0834,285.1593,287.4224,282.4568
287.6598,291.1403,292.0091,287.1143
289.3521,286.1646,292.5294,286.1646
288.6954,283.6338,290.8119,283.556
279.3199,277.2033,281.8709,276.2536
275.405,280.9818,281.5375,275.0312
279.9361,277.6074,282.2851,276.2031
281.8052,286.9526,287.9326,275.506
286.4172,292.8578,293.3477,286.4172
296.1665,291.509,297.0454,291.0695
289.054,285.5736,291.9738,285.1796
286.5687,291.216,293.2366,283.1893
290.4583,294.2469,294.9491,288.5742
295.9139,294.7369,297.9951,293.6407
294.4995,290.3522,295.9543,289.5491
287.0435,286.892,288.6853,283.4368
283.3358,275.2838,284.1945,274.7231
275.112,276.2941,279.3451,271.672
277.5569,278.8147,279.9564,272.9045
277.8246,292.2364,293.6963,276.7638
292.2768,290.2714,294.2368,289.4026
291.7313,292.2516,297.4697,289.7107
293.0195,293.7064,295.3481,292.1354
293.4892,292.4789,294.4742,290.7665
291.115,296.2624,298.6366,290.5846
294.4995,296.1311,296.9999,292.2516
295.4795,290.332,296.3938,287.382
289.5491,292.4789,295.5098,288.5893
294.5045,296.1159,297.6819,292.4334
292.4789,298.1719,302.8293,291.1807
296.1968,298.5406,299.0458,294.4995
300.5107,302.5111,302.5818,296.5857
293.6357,302.3242,304.3245,292.6304
299.5913,292.1303,300.5259,291.4545
290.0997,283.9975,295.439,282.1083
282.1083,278.249,284.5986,277.8347
278.9006,275.7485,281.2697,272.2731
274.8291,277.3347,279.3451,274.1573
274.3139,278.4813,280.0978,272.7883
276.0566,281.8405,282.5326,273.2581
280.3554,271.5507,283.3004,271.5457
271.6619,272.4701,274.0866,267.8733
272.4802,270.3586,276.6679,265.0849
227.0828,230.1592,232.0484,225.5573
229.8561,224.4864,231.4978,222.7689
225.7189,231.422,232.2252,224.1429
228.1537,230.932,231.0785,227.391
231.0785,234.4226,236.034,229.846
236.9534,234.8722,239.37,233.3012
234.4832,236.9786,238.4284,231.124
236.3118,238.9537,239.5094,233.382
240.8632,240.9693,245.2175,239.2013
237.9687,230.8563,241.3734,230.4471
229.9015,233.2406,234.0286,226.3706
235.246,237.3676,240.3176,232.5637
235.251,226.1736,235.6501,225.7341
222.5012,220.0613,223.6226,218.2276
221.2939,226.0321,229.1181,219.3895
224.3247,225.2946,226.6131,222.5113
231.4523,228.6235,233.8164,226.9566
227.7092,231.0836,231.0886,225.2946
232.6495,221.4707,235.2864,221.112
219.0056,215.8585,220.0916,210.898
218.2226,222.8245,226.0523,218.0559
221.8394,216.6971,222.6881,214.9544
212.0952,216.197,219.0864,208.1753
221.2131,223.7691,226.9818,217.5255
223.7842,218.561,225.7897,216.596
222.3547,222.2688,226.2443,221.2888
222.1829,214.8179,222.3395,214.5098
208.938,216.6213,217.7175,208.645
218.9045,216.6465,222.2638,215.313
218.5762,226.1483,228.9822,217.8084
226.1533,224.9158,229.4217,224.2843
224.5874,227.7951,229.0125,220.132
230.8613,238.1809,238.7921,227.3708
238.0142,238.3627,242.3382,234.7156
240.1408,237.6707,242.0099,236.0845
238.8628,232.4323,240.1913,232.1848
234.4832,232.9728,235.6349,225.724
245.7227,255.5781,255.8559,245.3691
256.5126,253.613,257.1188,251.3349
254.0172,259.0636,259.2454,252.3199
257.1188,254.3455,258.1341,251.9764
257.0935,270.2222,270.2828,255.8559
267.5449,266.8731,269.0705,264.8626
268.8634,271.9448,273.3036,268.2319
270.0606,263.9382,270.2475,262.0136
261.7105,264.3878,268.0299,259.1545
263.2613,262.938,264.5494,259.3414
261.0033,257.3259,261.5287,256.9672
255.0729,250.9863,259.7405,249.9255
253.4362,258.1998,258.2149,251.5268
256.0072,247.2331,257.1188,246.7734
250.2639,257.1541,259.0282,248.8091
260.6043,267.055,271.0961,257.6239
285.0533,272.2782,289.448,269.8939
276.9558,277.4205,283.0984,274.5513
278.0924,283.1186,283.553,273.1167
280.8505,288.4226,289.0636,277.1225
286.1141,298.9498,300.5612,286.0029
290.2007,282.275,292.8274,279.921
277.1326,283.2398,286.9223,262.1702
295.1814,283.9066,301.8241,283.4873
303.2132,307.31,308.1333,302.304
303.486,313.5737,316.0894,302.0817
311.144,317.721,323.2877,304.0619
322.1056,326.2731,327.8643,320.959
330.2738,328.9201,332.0823,325.9447
322.4087,324.6566,328.0765,318.2969
326.6924,325.8235,331.9812,323.3483
329.9606,318.2615,330.0314,314.4578
319.0899,329.8596,333.3754,318.7464
327.9653,330.3345,334.5474,321.9541
331.8802,343.3419,343.9835,330.8699
346.191,346.1556,346.9588,341.7406
346.1202,349.9997,352.2729,342.3519
349.2976,352.8791,354.8592,348.843
354.8794,356.0918,357.6173,351.8536
353.9752,357.1728,361.6837,353.9744
359.0772,353.0912,360.2794,352.6972
353.9702,351.0707,353.9702,350.0957
351.9294,352.5305,353.2276,350.1867
348.3934,346.4435,349.0551,343.8067
342.17,340.5737,343.246,337.9419
340.1393,340.5485,341.8366,329.607
338.0581,347.5397,351.2879,335.2495
348.5298,347.2922,353.4499,347.1659
350.5958,351.7374,352.3992,344.1098
353.2731,360.6735,360.8351,347.7923
353.1993,363.674,364.2044,352.9852
362.9062,361.6787,366.129,360.6735
361.1129,361.1736,362.694,358.9055
361.3099,352.4901,361.9666,352.091
352.8488,349.929,353.0609,347.2871
345.5999,342.6448,349.5603,342.0438
344.2714,349.0602,351.0757,344.0744
350.0654,359.158,359.1883,344.5644
352.086,348.9288,355.0108,347.4235
349.6916,344.5644,350.7221,339.5281
340.2505,340.8718,341.6952,328.4755
336.4265,343.5996,350.2675,335.9214
341.8316,338.4471,342.6297,337.4924
333.6583,325.1971,338.4319,324.3435
327.6067,321.5146,332.941,319.6911
316.1449,318.0342,321.6611,312.4321
320.075,320.2316,321.0145,311.1794
318.0645,322.5704,327.0813,315.2104
324.1414,340.104,341.2203,321.4085
333.6735,325.8134,333.8604,319.2869
319.2869,332.254,338.4117,316.3268
335.4011,341.3668,344.4482,334.0069
350.4897,371.0794,371.2259,342.074
370.2409,374.378,377.4645,365.2905
374.7114,372.5747,374.7114,366.2301
366.5584,357.1324,368.872,356.6677
359.2843,358.9105,360.4613,352.2577
355.2229,355.0108,360.532,354.5006
357.1374,353.95,357.1374,351.6011
350.9595,342.2407,353.556,342.2407
343.1096,342.3721,343.4985,339.5028
340.7707,340.4828,341.7507,337.4671
337.6944,342.8317,342.9782,335.1889
341.387,339.816,342.2205,333.1734
341.3618,334.0271,342.2862,333.3956
328.723,322.6209,330.8699,321.4136
325.672,330.6476,332.6329,324.9244
323.1008,320.9741,323.9848,317.4836
319.9992,318.4686,320.2619,313.993
311.1693,312.4271,316.1803,309.1436
313.2454,322.5199,323.222,310.9419
321.9743,315.2003,322.4845,312.3008
314.2001,320.08,324.005,307.6332
315.9126,313.8768,316.0591,311.5734
310.7576,310.7197,315.0993,307.3251
307.9464,300.5612,308.2697,300.0308
300.0813,296.5756,301.0664,296.5251
292.4941,295.5552,295.5552,291.4989
295.0147,296.1412,297.5253,293.1659
295.2016,294.6914,301.4755,292.9891
294.2721,287.9174,295.1814,287.7356
286.5535,286.4172,287.7053,284.9623
286.6697,288.8065,288.8115,285.8009
287.0031,288.1347,288.8368,284.8057
287.4274,284.9017,287.7103,284.3259
286.9324,283.3863,288.6701,282.8811
282.9317,281.0323,283.2802,279.2593
279.2593,276.3143,281.2647,275.8243
276.2385,272.4095,277.5518,272.2024
270.3889,265.9689,271.3891,264.8323
265.3526,265.9739,267.3631,264.7313
267.0954,264.2918,267.8632,263.7968
265.0899,264.7262,266.3174,264.3019
264.014,262.9431,266.7064,262.1702
263.3472,261.1549,263.5088,260.5184
259.8869,263.3219,263.721,258.0684
262.347,261.5943,263.3017,261.0589
264.4535,267.4035,267.6409,261.7863
266.6155,264.3928,267.4641,263.8119
265.2768,260.1597,266.7165,259.9577
260.2759,259.1898,260.9073,258.3665
258.3311,258.816,260.3517,257.9159
259.0787,256.5328,259.2909,256.2246
255.8054,258.3968,260.1395,255.4972
259.2707,259.8617,261.3872,258.3311
260.1496,258.9423,260.4275,256.8662
258.7302,260.6548,260.7204,256.1085
259.013,257.6037,260.7811,257.245
255.9115,252.037,256.6944,251.446
251.5217,253.8151,253.8656,250.5519
252.5927,251.2793,253.0776,248.3545
248.2888,248.5414,250.7691,242.7019
251.3348,257.1188,258.4776,250.9105
256.9167,260.5133,261.362,256.6136
260.4022,262.443,262.5491,259.1545
260.5285,257.7148,262.0288,255.4164
260.0132,263.0795,266.1204,259.9627
265.5951,262.342,265.5951,261.2054
260.6649,257.4976,262.6147,257.139
257.6239,254.0879,257.6997,253.8353
254.0879,257.6492,259.2404,254.0879
258.1341,259.503,260.1446,257.1188
259.109,257.8765,260.9124,256.6843
257.6239,262.7915,262.8976,257.6239
260.7103,259.0989,262.342,257.8765
258.5786,256.8813,260.968,255.3507
256.6136,256.9874,258.9322,252.0067
257.5027,261.1498,261.17,255.3811
259.6445,257.2703,262.0136,256.164
258.8918,262.1753,262.6753,258.71
262.736,258.5837,264.2817,257.3713
277.1174,279.5775,279.6078,273.9098
277.5771,279.7947,280.1028,274.7028
280.3554,280.3756,281.7345,279.0319
279.3401,277.9812,282.1638,277.4811
278.9208,276.7739,279.1784,276.4405
275.4707,275.7384,276.4759,272.8894
275.0362,274.6018,276.0617,272.7833
274.4654,274.6927,276.3143,273.6117
274.0714,274.2937,277.1932,272.9096
272.4752,273.4097,274.7332,272.1367
273.6016,270.5354,275.0009,268.8129
269.9191,268.2623,269.9494,266.4639
267.9188,265.4486,268.6613,264.797
264.0393,265.7163,266.4134,262.4026
265.2061,265.1405,267.4742,264.5949
265.8527,265.2011,266.7115,262.4531
267.8581,269.1058,269.3433,265.8275
266.4235,267.2115,270.2475,264.3827
265.191,260.8669,265.196,260.7053
259.7,258.1189,260.2961,255.7448
257.6087,261.1397,262.0439,257.1491
259.8011,259.6495,261.2862,258.4018
260.2507,255.6942,260.6548,254.7143
255.5478,256.7096,257.1188,253.1938
254.0071,255.2901,255.5427,253.4312
255.2194,256.1524,256.8864,251.9107
254.982,256.9723,258.4675,254.1738
258.3008,259.6546,261.7913,257.6239
260.3971,260.7558,262.4935,257.3511
260.1799,262.5491,265.9588,258.8918
261.7913,261.0336,263.0694,260.281
262.0894,257.4976,262.1702,255.9115
256.1438,251.5167,257.8815,251.3551
252.773,253.0776,255.1083,251.5268
251.5162,252.8553,257.0076,251.0873
251.8652,244.7427,251.9865,243.985
246.0611,244.9953,248.4303,244.4901
244.2477,242.318,244.97,241.0905
239.6054,240.0196,242.0654,238.1758
239.4235,242.8841,244.1922,239.3124
240.3783,238.9335,241.9695,238.9335
237.7212,237.1807,242.0654,235.7612
237.5797,238.4435,238.782,237.2918
237.903,238.6608,240.055,237.8273
238.7365,233.3769,239.0043,231.8716
231.3564,233.3567,233.6497,231.0583
233.2658,235.1348,236.1603,232.3667
235.7713,233.2911,235.9027,232.8718
233.1092,235.9229,237.1605,232.8819
237.0392,235.4733,238.292,234.3266
235.8067,235.4632,236.4937,234.756
236.0391,238.4991,238.8426,235.6349
237.9839,237.4787,239.863,235.3369
239.0497,235.5087,239.474,235.0389
235.2864,236.7362,237.9637,235.2611
