54.49,53.25,54.77,53.25
53.29,53.65,53.725,52.9
53.6,53.65,53.7,53.095
53.74,51.8,53.95,51.05
53.21,53.24,53.34,52.91
53.04,53.2,53.3,52.91
53,53.17,53.49,52.96
52.81,53.01,53.25,52.75
52.5,52.77,52.8,52.21
52.66,53.22,53.4,51.4
52.61,53,53.1,52.3
52.67,52.6,52.98,52.39
52.89,52.99,53.13,52.75
52.79,53.13,53.675,52.78
53.39,54.64,54.65,53.12
55.35,56.32,56.36,54.72
56.52,56.43,56.81,56.27
56.32,56.58,56.6,56.1938
56.53,56.44,56.73,56.1393
56.47,56.8,57.53,56.42
56.68,56.3,56.9099,56.25
56.5,57.26,57.34,56.04
57.34,57.46,57.69,56.97
57.2,57.36,57.65,57.19
57.36,57.09,57.37,56.86
57.38,56.67,57.61,56.67
56.66,56.72,56.94,56.48
56.92,57.47,57.47,56.64
56.81,57.16,57.27,56.59
57.04,56.73,57.125,56.1
56.8,57.93,58.1,56.74
57.81,57.79,58.07,57.59
57.55,58.57,58.61,57.51
58.35,58.3,58.73,58.16
58.52,58.42,58.75,58.18
58.22,58.375,58.375,57.72
58.46,59.03,59.04,58.2
58.64,58.36,58.79,58.3
57.97,57.65,58.1,57.4027
57.77,56.92,58.08,56.8
56.73,56.6,56.82,56.19
56.45,56.27,56.56,56.07
56.44,56.52,56.57,56
56.37,56.95,57.153,56.24
57.01,56.93,57.08,56.27
56.48,56.49,56.52,55.89
56.73,56.56,56.98,56.31
57.22,57.02,57.23,56.5
57.14,57.01,57.305,56.77
57.1,56.78,57.1,56.48
56.75,56.83,57.19,56.58
56.46,56.85,56.94,56.05
56.88,56.58,56.9,56.445
56.49,55.63,56.5,55.49
55.48,55.428,55.52,54.82
54.93,54.58,55.13,54.26
54,53.1,54.2825,52.93
52.88,52.91,53.1,52.76
52.89,53.39,53.39,52.72
53.27,53.22,53.28,52.76
52.88,53.31,53.41,52.82
52.98,52.95,53.22,52.75
52.66,52.95,53.0992,52.37
53.15,53.64,53.8192,52.86
53.43,53.61,53.64,52.83
53.61,54.39,54.4,53.55
54.24,54.65,54.76,54
54.05,55.35,55.49,53.5
56.9,56.1,56.98,55.5
55,55.02,55.7699,54.7
54.88,58.67,58.67,53.77
62.88,65.19,65.74,62.62
64.44,64.97,65.4,64.36
65.13,64.67,66.09,63.81
64.19,66.71,66.97,63.15
66.88,66.25,67.08,66.16
66.12,65.35,66.18,65.0546
66.1,65.75,66.11,65.42
65.63,65.95,66.155,65.57
65.65,65.53,66.265,65.49
65.53,65.48,65.87,64.8601
65.55,65.32,65.9764,65.05
65.47,65.67,65.95,65.26
65.4,65.86,66.14,64.601
65.2,66.25,66.35,65.04
66.04,65.5,66.08,65.42
65.75,66.65,67.07,65.7
67.25,67.14,67.575,67.06
66.86,66.89,66.94,66.521
66.76,67.64,67.75,66.46
67.16,67.07,67.35,66.82
66.91,67.38,67.56,66.77
67.02,66.79,67.43,66.6411
66.46,68.49,68.49,66.3
68.03,68.1,68.77,67.31
67.56,68.64,69.18,67.35
69.34,68.72,70.24,68.49
68.47,68.37,68.645,67.92
68.52,68.61,68.89,67.8
68.55,68.42,69.18,68.37
68.34,67.35,68.34,66.955
67.45,66.65,67.48,66.5
66.36,66.38,66.94,65.69
65.84,63.95,66.33,63.95
64.16,67.72,67.92,63.78
68.13,66.8,68.31,66.5
66.77,67.23,67.54,66.63
67.1,67.42,67.7,66.8
68.29,68.16,68.42,67.71
68.13,68.33,68.5,67.75
68.31,67.57,68.6,67.04
67.1,66.86,67.2,66.15
67.31,66.68,67.455,65.94
66.67,66.44,66.77,66.16
66.3,66.71,66.71,65.65
66.77,66.26,67.16,65.95
65.93,67.42,67.42,65.93
66.88,65.87,67,65.84
66.31,67.81,68.2101,64.32
67.88,66.63,68.09,66.25
68.27,68.22,68.71,67.63
68.46,67.72,68.58,67.39
66.73,65.74,67.41,65.74
66.95,67.69,68.57,65.93
67.09,68.46,68.6,67.025
68.34,69,69.35,67.5411
68.72,69,69.51,68.68
68.4,70.52,70.53,67.66
70.09,70.8,71.62,70
68.2,67.31,68.62,67.25
67.71,67.9,68.25,67.48
68.06,68.4,68.45,67.48
67.93,67.11,69.44,66.7
67.34,65.48,68.17,65.48
65.79,65.88,66.065,65.305
66.1,66.18,66.22,65.57
65.19,65.53,65.71,65.09
65.7,65.94,66.59,65.45
65.7,65.55,66.06,64.3
66.06,66.49,66.49,65.06
66.09,67,67.09,65.45
67.25,68.34,68.58,67.06
68.19,67.53,68.33,67.49
67.54,66.8,69.32,66.23
66.84,66.84,67.42,66.55
66.68,67.7,67.7,66.56
67.11,68.08,69.28,66.87
68.5,68.4,70.4,68.15
67.45,63.28,68.83,62.712
63.45,63.23,63.69,63
63.31,62.53,63.36,62.44
62.31,62.49,62.56,61.86
62.75,63,63.57,62.67
63.52,63.71,64,63.36
63.57,63.1,63.64,62.91
62.7,63.27,63.3,62.53
62.86,63.13,63.39,62.76
62.99,62.88,63.44,62.37
62.54,61.95,62.67,61.55
61.59,61.29,61.95,61.04
61.29,61.82,62.2,60.94
62.25,60.23,62.27,59.93
60.52,62.01,62.29,60.5
62.69,62.03,62.81,62.005
62.43,63.19,63.25,62.32
63.09,63.12,63.39,62.88
63.35,63.53,63.7,63.09
63.47,62.87,63.5,62.51
63.07,62.98,63.12,62.53
62.94,63,63.51,62.71
62.98,62.42,63.085,62.37
62.97,62.89,63.51,62.65
62.64,62.67,62.96,62.58
62.61,62.92,63.24,62.47
63.09,63,63.69,62.83
62.83,62.7,62.87,62.35
62.76,62.61,62.84,62.01
63.04,62.35,63.04,62.1775
62.28,62.22,62.4,61.79
62.07,62.08,62.5,61.76
62.43,61.8,62.49,61.8
61.71,61.54,61.99,61.28
61.74,61.89,62.155,61.67
61.71,62,62.16,61.44
61.99,61.91,62.44,61.83
61.58,62.05,62.19,61.37
62,61.52,62.105,61.265
60.98,61.11,61.23,60.73
61.01,60.59,61.11,60.5
60.6,61.74,61.95,60.02
61.85,62.37,62.4,61.58
62.58,62.6,62.82,62.24
62.43,62.44,62.79,62.17
62.51,61.82,62.658,61.65
61.35,61,61.5,60.77
60.73,60.96,60.97,60.15
61.15,60.21,61.18,59.83
59.93,59.8,60.47,59.13
55.82,55.36,55.95,55.04
55.14,55.73,55.9,54.95
55.35,55.14,55.65,54.98
54.75,54.86,54.86,54.17
54.88,55.19,55.365,54.56
54.83,54.91,55,54.6301
54.62,54.45,54.74,54.21
54.115,53.96,54.71,53.94
54.19,53.49,54.33,53.32
52.93,52.58,53.38,52.41
52.37,51.57,52.53,51.16
51.94,52.95,52.97,51.89
53,52.99,53.39,52.84
53.57,52.9,53.57,52.46
53.55,53.06,53.84,52.75
52.51,51.7,52.555,51.53
51.14,52.29,52.29,50.84
52.12,53.01,53.82,52.12
55.55,54.85,55.57,54.57
54.04,53.9,54.97,53.9
53.88,54.25,54.25,53.595
53.89,54.17,54.66,53.86
53.55,53.73,53.82,53.104
53.42,52.97,53.47,52.48
53.28,53.05,53.56,52.67
52.7,52.66,53.25,52.47
52.83,53.6,53.901,52.735
53.83,54.46,54.75,53.4
54.98,54.4,55.04,54.19
54.94,54.73,55.05,54.67
54.84,54.94,55.18,54.665
54.89,54.98,55.37,54.66
54.94,54.99,55.0093,54.47
54.88,54.65,54.92,54.285
54.79,54.5,54.97,54.45
54.92,55.39,55.43,54.82
55.27,55.33,55.39,55.02
55.74,55.97,56.14,55.51
55.98,55.7,56.27,55.69
55.59,54.42,55.62,54.4
54.18,54.2,54.86,54.15
54.52,52.97,54.58,52.87
52.76,52.71,53.08,52.26
52.79,52.07,53.34,52
51.99,51.74,52.28,51.5
51.91,51.32,52.17,51.12
51.32,51.46,52.08,51.105
51.51,52.33,52.53,51.36
52.15,51.83,52.53,51.69
52.15,51.26,52.23,50.97
51.2,51,51.6,50.79
50.92,50.65,51.1218,50.38
51.13,50.74,51.27,50.43
50.49,50.19,50.88,50.15
50.73,50.67,50.92,50.19
51.11,50.69,51.17,50.13
50.52,51.83,52,50.11
52.13,52.48,53.28,52.04
52.9,52.03,53.13,52.01
52.91,52.54,52.96,52.45
52.43,52.6,52.72,52.03
52.64,51.71,53.09,51.68
51.67,51.3,51.8,50.74
52.09,51.93,52.54,51.81
51.83,51.73,51.93,51.3
51.55,51.09,51.73,50.94
51.06,51.93,51.99,51.03
51.82,51.85,51.89,51.24
51.92,51.3,52.44,51.15
50.82,51.05,51.1,50.2
51,50.86,51.575,50.86
50.56,50.37,51.15,50.25
50.03,50.4,50.45,49.77
50.62,50.14,50.73,49.725
50.07,50.44,50.53,50
50.65,50.81,51.111,50.51
50.88,51.08,51.11,50.01
51.14,50.87,51.43,50.83
50.99,51.17,51.65,50.73
50.69,50,50.94,49.67
50.19,50.43,50.61,49.95
50.86,50.63,50.9,50.13
50.99,52.12,52.1599,50.81
52.02,51.84,52.32,51.79
52.21,51.6,52.35,51.51
51.59,51.69,51.87,51.2327
51.38,51.15,51.69,51.12
51.3,51.63,51.63,50.91
51.63,51.75,51.83,50.98
52.09,52.24,52.41,51.74
52.22,52.59,52.6435,51.89
52.02,51.91,52.37,51.17
51.95,52.41,52.52,51.74
52.46,52.89,53.21,51.98
53.3,52.44,53.52,52.3633
52.66,52.33,52.895,51.9
52.38,52.45,52.81,51.86
52.85,52.39,52.98,52.24
52.11,51.08,52.11,51.06
50.79,51.17,51.53,50.71
51.62,52,52,51.22
51.64,51.5,51.79,50.9
51.52,50,51.66,49.73
50.42,51,51,50.11
51.28,50.08,51.29,50.07
49.42,49.04,50.04,48.76
49.08,48.41,49.31,48.02
48.41,47.05,48.53,47.01
46.73,45.6,46.83,45.4
44.56,43.35,44.76,43.08
43,42.51,43.29,42.24
42.96,44,44.5198,42.9
43.61,43.65,44.06,43.165
43.89,43.51,44.16,42.83
44.02,45.45,45.6,43.765
45.66,44.62,45.76,44.38
44.73,43.6,45,43.31
43.15,45.18,45.4,42.88
46.11,44.71,46.41,44.39
45.34,44.05,45.35,43.67
43.59,45.8,45.82,43.47
47.53,48,48.58,47.16
48.52,47.6,48.85,47.52
47.58,47.97,48.39,47.52
48.07,47.81,48.28,47.44
47.05,46.36,47.4401,45.71
45.93,45.5,46.18,44.39
46.09,46.5,46.58,45.47
45.82,46.04,46.51,45.13
47.73,46.21,48.005,45.84
46.1,47.22,47.97,46.07
46.52,46.45,46.68,45.62
46.07,46.36,46.53,45.33
45.875,46.81,46.85,45.84
46.14,47.78,48,45.98
48.64,48.36,48.66,47.76
49.14,50.46,50.6,49.07
50.12,49.43,50.175,48.91
49.985,50.06,50.439,49.89
50.41,50.88,51.25,50.36
50.88,50.28,51.25,50.07
49.58,49.45,49.81,49.23
49.55,49,49.875,49
49.04,49.24,49.52,48.9
49.065,48.53,49.19,48.43
48.76,47.61,48.925,47.54
47.43,47.37,48.04,47.02
47.54,49.32,49.6,47.54
48.07,48.25,48.6,47.15
48.02,47.71,48.81,46.8
46.83,47.41,47.96,45.93
47.46,48.2,48.36,47.34
48.57,48.65,49.57,48.471
48.59,49.64,49.9799,48.42
49.48,50.63,50.96,49.305
52.43,52.31,52.54,51.89
52.34,52.09,52.57,51.41
51.4,52.16,52.24,50.37
51.85,51.905,53.44,51.8
49.3,48.75,49.32,48.6
48.79,48.6,48.86,48.3
48.54,48.67,48.85,48.47
49.1,49.41,49.65,48.85
49.41,49.03,49.73,48.86
48.965,49.09,49.58,48.76
49.62,48.8,49.77,48.5
48.39,48.51,49.28,48.23
48,51.94,51.94,47.52
52.98,52.7,53.55,52.57
52.77,51.96,52.86,51.96
51.94,52.3,52.75,51.82
52.58,52.75,53.19,52.52
52.85,52.6,53.24,52.37
52.27,52.53,52.99,51.95
52.94,52.88,53.35,52.62
53.42,51.63,53.7,51.625
51.07,56.73,56.81,49.92
60.26,60.89,61.01,60.07
60.87,60.4,61.18,60.26
60.64,59.7,60.76,59.51
59.42,60.12,60.2,59.42
60,59.67,60.23,59.58
60.265,59.33,60.3,59.23
59.28,58.91,59.35,58.77
59.21,60.91,60.91,58.7
60.725,60.63,61.19,60.49
60.43,59.49,60.64,59.49
58.97,59.28,59.77,58.89
59,58.68,59.205,58.68
59.1,59.46,59.63,58.61
59.91,59.48,60,58.91
59.26,59,59.91,58.655
58.63,57.52,59.14,57.51
57.51,57.19,58.08,57.02
57.79,57.63,58.08,57.47
57.78,57.87,58.12,57.37
57.66,56.49,57.675,56.32
56.61,56.56,57.35,56.04
56.32,56,56.52,55.42
56.23,55.58,56.49,55.57
55.07,53.07,55.15,53
53.18,53.6,53.82,53
53.73,52.99,53.81,52.895
52.43,52.5,52.91,52.17
52.54,53.05,53.27,52.52
53.22,53.95,54,52.96
53.27,53.18,53.53,52.39
53.56,54.15,54.15,53.37
53.94,53.78,54.23,53.58
54.39,54.63,54.73,54
54.45,54.25,54.96,54.02
54.98,55.19,55.91,54.85
55.2,54.81,55.5253,54.68
54.87,54.82,55.165,54.355
54.31,54.75,54.98,54.07
54.66,55.05,55.155,54.35
55.33,54.5,55.81,54.28
54.32,55.85,55.89,54.16
55.2,55.11,55.35,54.77
54.29,54.94,55.1,54.14
55.55,56.22,56.76,55.47
55.86,55.63,55.88,55.009
55.02,55.25,55.911,54.69
56.58,56.57,57.26,56.35
57.45,57.15,57.76,57.03
57.36,57.07,57.4498,56.17
56.66,55.5,56.74,54.85
53.88,56.62,56.9185,53.74
55.28,54.18,57.805,52.59
57.61,59.69,60.1,57.56
60.15,60.85,61.34,60.15
61.18,60.89,61.62,60.71
61.32,61.57,61.8458,61.3
62.07,61.5,62.11,61.48
61.91,61.79,62.55,61.79
62.03,62.5,62.6,61.95
62.58,62.4,62.67,61.602
62.55,62.57,63.06,62.34
63.15,62.5,63.33,62.5
63.02,62.76,63.425,62.6
62.84,63.75,64.11,62.65
63.88,63.66,64.49,63.5
63.45,64.41,64.82,63.22
64.43,64.35,64.71,64.08
64.39,64.66,64.95,64.23
64.41,62.99,64.78,62.8
63.17,63.08,63.56,62.745
63.1,62.34,63.41,62.215
61.98,61.98,62.5,61.51
61.64,61.86,62.2,61.31
61.78,62.57,62.78,60.83
64.19,64.5,64.97,64.05
65.14,64.61,66.05,64.45
63.79,64.63,64.63,63.74
64.34,64.11,64.65,64.01
64.55,63.45,64.68,63.38
63.88,63.31,64.2,63.3
63.94,63.62,64.2799,63.45
63.43,63,63.7,63
62.73,62.41,63.07,61.86
61.86,62.85,63.43,61.85
61.91,62.45,62.6,61.7
62.8,63.27,63.38,61.48
63.11,62.66,63.5498,62.65
63.11,63.01,63.65,62.99
62.9,63.1,63.28,62.01
62.63,62.75,63.15,62.45
62.62,63.4,64.03,62.58
64.67,65.38,65.56,64.6
65.26,65.51,65.87,65.024
65.35,67.08,67.13,65.29
66.98,67.54,67.62,66.76
67.365,67.04,67.63,67
66.88,67.41,67.51,66.64
67.36,66.72,67.665,66.67
66.55,66.69,67.08,66.08
66.46,66.45,66.63,65.93
66.625,66.54,66.845,66.06
67.025,67.06,67.55,66.79
67.6,67.59,67.81,67.385
67.31,66.91,67.69,66.91
66.84,67.38,67.47,66.77
67.275,68.03,68.2,67.25
68.255,68.96,68.96,68.22
68.9,69.36,69.51,68.76
69.86,69.8,70.05,69.45
69.35,69.36,69.66,69.06
69.415,69.51,69.9,69.11
69.68,70.69,70.9,69.6
70.6,70.95,71.318,70.51
71.02,69.4,71.14,69.1
69.36,69.53,69.62,68.75
69.51,69.57,69.9399,69.44
70.09,69.63,70.95,69.03
69.28,69.8,69.84,69.22
69.62,70.33,70.42,69.47
70.42,70.99,71.13,70.25
71.06,70.61,71.09,70.43
70.52,69.99,70.66,69.8101
69.73,69.23,70.5,69
68.785,68.7,69.02,68.1001
69.05,69.17,69.35,68.82
69.41,68.85,69.41,68.55
68.43,67.8,68.45,67.79
67.81,68.2,68.85,67.5
68.37,68.85,69,68.1295
69.055,68.45,69.36,68.22
68.42,68.31,68.5402,67.955
68,68.33,68.59,67.61
68.67,69.19,69.34,68
69.65,69.04,69.82,69.01
69.23,68.77,69.68,68.61
68.24,68.03,68.32,67.67
68.34,67.35,68.43,66.96
68.94,68.76,69.205,68.25
68.57,68.84,68.94,68.38
68.64,67.25,68.8,67.19
67.115,67.49,67.95,66.96
67.91,68.16,68.25,67.73
68.46,69.29,69.5,68.19
68.97,69.16,69.2,68.6
68.73,71.23,71.9,68.64
69.16,68.67,69.2,68.47
68.81,67.42,69.09,67.31
67.26,66.94,67.59,66.93
67.315,67.72,68.12,67.26
67.76,66.19,67.96,66.18
67.97,69.52,69.61,67.76
69.43,68.47,69.47,68.4505
69.34,68.16,69.54,68.16
68.88,67.74,69,67.46
67.025,67.22,67.93,66.75
67.155,66.54,67.45,65.68
67.21,68.86,68.87,67.2
68.975,69.99,70.2299,68.97
70.065,69.92,70.585,69.81
70.04,70.2,70.61,69.79
69.83,70.23,70.59,69.78
70.23,69.6,70.49,69.06
69.815,69.44,70.17,69.21
70,69.14,70.03,68.91
68.64,69.012,69.64,68.32
69.37,70,70.55,69.2
70.27,71.52,71.7199,70.24
71.885,73.87,74.09,71.86
72.705,71.64,72.87,71.64
71.505,70.56,71.69,70.51
70.93,71.2,71.27,70.685
70.845,71.1,71.5,70.561
71.405,72.01,72.49,71.35
72.655,71.8,72.9,71.61
72.51,71.81,72.57,71.2
72.01,71.87,72.2699,71.61
71.68,71.01,72.23,71.01
71.37,70.74,71.47,70.37
70.94,71.26,71.55,70.36
71.52,70.83,71.72,70.59
70.98,70.23,71.27,70.21
70.54,70.34,70.88,70.11
70.8,70.76,70.91,70.46
70.88,70.49,70.93,70.27
70.39,69.58,70.39,69.56
70.21,70.57,70.9518,70
70.26,69.09,70.455,68.83
67.11,68.16,68.96,66.96
66.35,67.81,67.95,66.07
67.95,67.17,67.99,66.79
66.96,66.59,67.71,66.12
66.96,65.78,67.04,65.48
65.53,62.49,65.9299,62.26
62.46,63.04,64.01,62.39
63.69,65.51,65.69,62.47
70.99,72.5,72.5,70.85
71.77,71.9,72.495,70.945
72.61,72.17,72.9,71.715
72.175,72.01,72.35,71.43
71.905,71.86,72.09,70.84
71.59,70.28,72.61,69.95
72.48,71.75,73.21,71.18
71.29,70.85,71.43,70.12
71.38,72.26,72.59,71.045
72.22,72.46,73,71.44
72.97,73.96,75.05,72.55
73.57,74.14,74.3799,72.88
74.42,74.57,74.87,73.64
74.505,74.3,75.3,74.14
73.73,73.37,74.47,72.96
72.88,73.86,74.61,72.74
73.93,73.71,74.5,73.63
74.28,74.51,74.8699,73.75
74.33,75.21,75.41,74.31
75.02,74.75,75.37,74.7
74.985,75,75.6,74.83
75.62,75.09,75.72,75
74.66,74.69,75.15,74.64
74.6,74.61,75.12,74.48
74.56,73.58,74.655,73.45
73.43,73.29,73.73,73.17
73.36,73.28,73.36,72.61
72.21,70.42,72.37,70.14
70.31,70.21,71.78,70.08
70.37,70.85,71.42,69.59
70.585,71.63,71.81,70.58
71.99,71.73,72.77,71.565
71.5,72.82,73,71.21
73.005,71.96,73.205,71.86
72.61,73.22,73.51,72.21
73.37,73.01,73.9099,73.01
73.34,74.24,74.34,72.93
74.37,73.63,74.84,73.44
73.32,71.81,73.49,71.35
71.79,72.46,72.66,71.285
72.9,72.51,73,72.07
72.26,71.66,72.35,71.6207
72.27,71.73,72.28,71.61
71.695,71.7,71.9399,71.18
71.47,71.1,71.82,70.69
70.71,70.115,70.84,69.6
70.47,71.59,71.84,70.36
72.01,70.24,72.06,70.24
70.4,70.62,70.84,70.185
70.85,71.01,71.21,70.55
70.65,70.21,70.83,70.19
70.29,69.62,70.45,69.285
69.64,69.71,69.85,69.03
69.36,68.91,70.03,68.49
69.26,70.7,70.7,69.13
70.58,71.03,71.07,67.67
77.2,77.46,77.47,76.415
77.11,77.49,77.72,76.4035
78.24,78.31,78.53,77.96
78.51,78.53,78.53,77.69
77.37,76.65,77.59,76.53
76.89,76.5,77.38,76.31
76.57,76.19,76.62,75.99
75.84,75.86,76.03,75.27
76,75.42,76.01,74.91
75.14,75,75.4,74.74
74.3,75.01,75.1,74.25
74.995,73.93,75.11,73.83
73.27,72.05,73.3,72
72.43,72.05,72.88,71.54
71.14,69.84,71.8899,69.36
71.2,71.1,72.63,70.265
71.86,71.75,72.7,71.33
70.71,71.18,72.5,70.25
71.22,73.52,73.94,71.2
74.08,75.22,75.3,73.95
75.19,73.44,75.44,73.22
73.51,74.23,74.43,73.48
74.725,75,75.34,74.31
74.86,73.88,75.2,73.87
73.655,74.14,74.14,73.16
73.88,74.64,74.81,73.84
74.77,74.715,75.09,74.11
74.82,74.63,75.08,74.16
75.06,74.59,75.13,74.17
74.81,76.03,76.17,74.72
76.24,75.65,76.24,75.42
75.83,76.23,76.57,75.81
76.29,75.49,76.34,75.28
75.53,77,77,75.39
76.44,75.91,76.45,75.83
75.83,75.66,76.17,75.2802
75.71,75.08,75.965,74.9
75.08,75.5,75.58,74.99
75.33,75.8,75.855,75.21
76.11,75.58,76.12,75.2
75.93,75.8,76.25,75.76
75.84,75.9,76.11,75.51
75.9,75.49,76.2425,75.49
75.81,75,75.85,74.89
75.11,75.22,75.55,74.62
74.89,75.47,75.72,74.82
75.06,75.92,76.08,74.75
76.1,76.6,76.6,75.76
76.34,76.69,76.9,76.31
76.97,77.15,77.19,76.49
77.01,76.82,77.1,76.2601
76.59,77.17,77.3,76.3353
76.82,76.71,77.22,76.71
76.77,76.61,77.31,76.45
76.439,74.55,76.64,74.55
75.13,75.05,75.22,74.91
75.03,74.83,75.1,74.615
74.41,75.13,75.13,73.985
74.76,74.76,74.99,74.6
74.5,74.58,74.65,74.04
74.14,74.86,74.93,73.9
74.73,74.2,74.98,73.92
73.88,72.72,73.96,72.5
72.49,73.28,73.35,72.34
72.89,72.42,73.15,72.16
72.75,73.2,73.35,72.56
73.26,72.87,73.47,72.83
72.55,73.67,73.845,71.82
73.72,75.39,75.6,73.65
76.04,75.68,76.23,75.15
75.31,75.65,75.95,75.26
75.83,76.1,76.25,75.53
76.1,76,76.58,75.82
76.172,77.6,77.63,75.66
81.6,81.89,81.97,81.42
81.53,80.09,81.87,79.99
79.67,79.41,79.97,79.11
79.39,78.55,79.43,78.25
78.11,79.11,79.21,77.88
79.62,79.72,79.94,79.58
79.44,79.39,79.91,79.15
79.52,79.44,79.78,79.38
79.6,79.9,80.2,79.15
80.43,79.93,80.68,79.8
80.77,81.11,81.11,80.375
80.65,80.63,80.855,80.42
80.82,80.67,80.95,80.21
80.99,80.5,81.279,80.09
80.17,79.81,80.43,79.7
79.73,79.35,79.82,78.93
79.2,79.15,79.39,78.65
78.99,78.57,79.04,78.18
78.77,78.4,79.13,78.08
78.05,78.5,78.55,77.91
78.78,79.31,79.87,78.68
79.43,79.63,79.99,79.32
79.86,79.98,79.985,79.44
79.75,79.3,79.8,79.19
79.19,79.68,79.68,78.63
79.16,78.43,79.42,78.4
78.65,78.83,79.39,78.45
79.11,79.46,79.82,78.93
79.34,79.13,79.76,78.81
79.21,79,79.5,78.44
79.18,79.96,79.96,79.14
79.95,80.28,80.47,79.7
80.38,80.2,80.5,79.8
79.66,79.83,79.93,79.15
79.92,80.32,80.3897,79.7
80.4,80.18,80.68,79.96
80.48,80.66,80.79,80.04
80.45,80.33,80.53,79.92
80.19,80.58,80.58,79.88
80.22,80.2,80.74,80.16
80.46,79.93,80.5,79.9
79.88,79.98,79.99,79.49
79.56,79.48,79.92,79.43
79.67,79.17,79.98,79.12
79.86,79.95,80.35,79.52
79.81,79.22,79.99,79.2
79.42,79.7,79.77,78.76
79.78,80.34,80.81,79.18
80.41,79.83,80.99,79.83
80.37,79.92,80.39,79.78
79.97,79.72,80.12,79.62
79.5,79.94,79.94,78.58
79.5,79.34,80.09,78.96
79.325,79.72,79.93,78.4301
79.31,79.23,79.63,78.75
79.56,78.76,79.92,78.51
78.99,79.3,79.3,78.5
78.99,78.53,79.49,78.53
78.71,78.56,78.86,78.14
78.52,78.64,79.01,78.23
78.05,78,78.6,77.37
77.61,77.59,77.88,77.3304
77.87,77.5,78.62,76.77
80.71,81,81,80.16
80.61,81.17,81.34,80.58
80.93,81.19,81.66,80.56
81.32,80.14,81.34,80.04
80.18,79.99,80.28,79.42
79.49,78.99,79.935,78.5
79.14,78.7,79.2,78.03
78.01,77.53,78.9167,77.53
78.07,80.1,80.3,77.85
79.93,79.26,79.94,78.85
78.89,77.71,78.94,77.48
78.08,78,79.26,77.6
78.53,81.09,81.358,78.46
80.55,80.21,81.3,80.21
80.14,79.98,80.26,79.75
80.1,79.42,80.16,78.99
78.86,79.49,79.61,78.81
79.28,79.5,79.5,78.1
79.05,78.42,79.72,78.31
78.31,78.82,79.62,78.31
78.56,78.13,78.76,77.99
77.74,78.44,78.7,77.31
78.19,79.03,79.03,77.51
78.1,76.78,78.37,76.7
76.805,77.22,77.57,76.415
77.45,77.19,77.75,76.9
77.02,75.72,77.31,75.53
74.74,75.23,75.91,74.5
75.63,77,77.12,75.385
76.97,76.59,77.14,76.31
76.71,77.09,77.2,76.58
77.07,76.79,77.07,76.55
76.79,77.1,77.2,76.44
77,77,77.18,76.5411
76.67,76.44,76.96,75.79
76.11,75.5,76.79,75.35
73.63,74.62,74.64,73.04
75.29,75.41,75.43,74.85
75.19,74.89,75.26,74.5
75.05,75.15,75.5,74.9
74.91,75.62,75.88,74.74
75.43,75.97,75.99,75.3923
75.61,76.18,76.545,75.57
75.95,75.96,76.2,75.68
75.77,75.37,75.985,75.11
75.6,76.25,76.25,75.53
76.28,76.01,76.42,75.82
76.44,76,76.75,76
76.42,75.66,76.65,75.66
75.62,74.81,75.73,74.53
74.69,74.2,74.73,73.8902
74.41,73.4,74.47,73.2
73.24,72.74,73.33,72.324
72.37,72.1,72.66,72.03
72.51,73.4,73.45,72.275
73.32,73.67,73.95,72.93
74.22,72.68,74.49,72.62
73.26,72.65,73.395,71.97
71.12,71.4,72.08,70.98
71.99,72,73.14,71.75
73.2,74.01,74.36,72.74
74.08,75.29,75.44,74.06
75.87,75.49,75.9,75.16
75.78,75.5,75.86,75.12
75.46,75,75.57,74.86
74.73,74.7,74.98,74.43
74.72,74.47,74.88,74.01
74.51,73.47,74.69,73.4
73.39,72.37,73.7,72.37
73.22,73.78,74.27,72.83
73.87,74.11,74.5,73.17
73.91,74.037,74.1,73.68
73.68,73.15,73.68,72.68
73.24,72.8,73.31,72.6
72.7,73.08,73.2,72.55
72.89,73.33,73.48,72.44
73.32,73.61,73.77,73.255
74.25,73.76,74.32,73.64
73.57,73.66,73.9,73.5
73.8,73.75,74.017,73.655
73.48,73.05,73.68,73.05
73.04,72.67,73.2499,72.64
72.84,73.52,73.56,72.52
72.91,72.41,73.0355,72.243
72.43,73.15,73.3,72.13
73.18,72.7,73.21,71.68
72.92,72.66,72.98,72.26
72.79,73.22,73.255,72.5
72.58,73.45,73.46,72.53
72.73,73,73.42,72.49
73.01,74,74.11,72.96
73.38,73.3,73.84,73.09
73.37,73.88,74.19,72.94
73.76,73.6,73.97,73.1
73.23,73.01,73.43,72.9
73.18,73.02,73.5,72.85
73.31,73.19,73.46,72.93
73.44,73.53,73.87,73.235
73.58,73.52,73.89,73.26
73.56,73.24,73.585,72.81
73.65,72.69,73.65,72.59
72.49,71.09,72.53,70.96
72.96,71.91,73.09,71.87
71.71,70.4,71.81,70.4
71.03,71.95,72.4,70.91
71.84,72.18,72.43,71.73
71.94,72.28,72.3,71.715
72.17,71.34,72.18,71.1
71.22,69.98,71.48,69.85
70.03,68.99,70.03,68.55
68.51,67.54,68.57,67.54
67.62,67.3,67.92,67.1782
67.45,67.42,68.04,67.06
67.09,66.83,67.75,66.25
69.74,69.43,69.81,68.67
69.005,69.25,69.55,68.86
69.57,70.14,70.19,69.25
69.9,69.53,70,69.322
69.49,69.19,69.98,68.76
69.04,68.99,69.35,68.83
68.93,68.73,69.39,68.6
68.54,68.39,68.62,67.96
68.27,67.2,68.27,67
66.94,67.46,67.51,66.815
67.04,68.26,68.5,66.92
68.92,68.85,69.25,68.79
68.77,68.51,68.95,68.36
68.402,68.47,68.975,68.22
68.7,68.29,68.76,67.8485
68.87,68.5,69.1,68.39
68.17,68,68.7,67.8
67.75,67.11,67.94,66.92
67.55,66.96,67.6,66.59
66.84,66.22,66.97,66
65.71,66.55,66.58,65.47
66.35,67.18,67.23,66.26
67.19,66.39,67.65,66.3
68.02,67.25,68.19,67.13
67.11,67.72,67.72,66.7
67.68,67.03,67.74,66.951
67.49,67.4,67.88,67.17
67.32,66.94,67.59,66.55
67.38,68.19,68.28,67.08
68.87,69.08,69.35,68.7
68.75,68.44,69.07,68.26
68.51,68.72,68.91,68.14
68.98,70,70.235,68.88
69.06,69.52,69.89,69
69.46,69.71,70.04,69.42
69.64,69.47,69.87,68.91
69.42,68.36,69.46,68.15
68.09,69.02,69.05,67.97
68.58,69.21,69.24,68.36
68.81,68.73,69.72,68.5
68.09,68.29,68.6,67.49
70.09,69.39,70.37,69.39
69.299,68,69.37,68
68.02,67.98,68.45,67.37
67.83,67.33,67.96,67.24
67.28,66.82,67.51,66.8
66.75,66.92,67.74,66.52
66.28,66.63,66.66,65.74
66.71,66.57,67.14,66.4
66.56,66.07,66.84,65.99
66.021,66.31,66.65,65.91
66.95,67.03,67.24,66.795
67.15,67.01,67.34,66.6
67.13,66.69,67.17,66.64
66.57,66.31,67,66.19
66.71,66.53,67.135,66.31
66.33,66.88,67.4,66.29
66.9,66.69,67.42,66.69
66.95,66.35,66.95,66.2
66.96,67.08,67.22,66.625
67.25,66.73,67.45,66.53
66.46,65.89,66.617,65.8
66.27,66.34,66.55,66.04
66.35,65.59,66.6428,65.36
65.21,65.27,65.8401,65
65.59,66.18,66.3,65.53
66.25,65.41,66.39,65.335
66.75,64.89,66.76,64.89
65.27,64.78,65.48,64.31
64.562,64.6,64.95,64.4
64.51,64.72,65.19,64.39
64.24,64.47,64.9,64.17
64.61,62.92,64.8,62.83
63.42,63.49,64.45,62.89
61.39,62.89,62.96,61.19
62.3,62.27,62.75,62.21
62.21,61.68,62.21,61.495
61.46,61.22,61.57,61.09
61.115,61.94,62.02,60.82
62.65,62.05,62.66,61.56
61.85,61.49,61.88,61.2
61.28,61.39,61.66,60.85
62.02,61.35,62.02,61.29
61.3,61.15,61.37,60.81
60.44,59.23,60.65,59.2
59.39,60.15,60.34,59.02
59.99,60.75,60.94,59.83
60.95,60.75,60.96,60.27
60.91,60.74,61.34,60.66
60.92,60.74,61.235,60.635
60.96,61.495,61.61,60.9
61.09,60.64,61.63,60.55
61.08,61.63,61.77,60.27
61.27,62.56,62.92,61.17
61.81,60.42,62.38,60.37
59.885,60,60.21,59.46
60.67,60.93,61.05,60.215
60.92,61.4,61.855,60.67
61.91,62.63,62.8,61.83
62.38,62.29,62.73,62.01
62.07,61.61,62.35,61.49
61.38,61.79,61.93,61.34
61.96,61.22,62.1192,60.75
61.11,61.966,61.97,61.01
61.66,61.47,62.05,61.15
62.03,62.11,62.2,61.67
62.1,62.9,63.1105,61.415
62.97,63.34,63.82,62.53
63.15,63.65,63.65,62.68
63.71,63.43,64.045,63.2
63.23,63.37,63.67,62.69
63.48,63.9,64.577,63.48
64.18,64.13,64.76,64.03
64.11,63.78,64.3,63.5
64.07,64.64,64.88,64.02
64.26,63.7,64.35,63.51
63.91,64.59,64.93,63.63
65.23,65.63,66.15,64.88
65.76,65.68,66.21,65.6
66.1,66.3,66.6,66.01
66.61,66.22,66.67,65.57
65.64,65.43,66.2,65.36
65.54,65.33,65.6,65.041
65.32,65.01,65.32,64.74
64.815,64.34,65.07,64.18
64.64,64.01,64.64,64.01
64.11,64.21,64.5,63.93
64.12,63.9001,64.5,63.9001
63.97,63.81,64.22,63.53
63.86,63.82,64.32,63.74
63.77,63.52,63.85,63.31
62.89,62.14,63.01,61.93
61.92,61.43,62.07,61.43
61.6,61.6,62.12,61.25
61.61,61.8,62.11,61.52
61.52,62.51,62.68,61.47
62.44,62.81,63.05,61.79
66,66,66.56,65.81
65.35,64.95,65.49,64.61
64.58,64.09,64.59,63.58
63.93,63.62,64.12,63.03
63.64,64.99,65.59,63.25
64.23,65.08,65.18,64.01
65.81,65.78,66.18,65.38
65.49,66.23,66.67,65.43
66.68,67.023,67.07,66.09
67.03,67.24,67.6,66.62
67.285,66.28,67.655,66.19
65.96,66,66.201,65.32
65.86,65.14,65.86,65.09
65.16,64.67,65.25,64.55
65.81,65.98,66.3,65.34
65.97,66.5,66.65,65.94
66.255,66.5,66.71,65.9
66,66.7,66.84,65.605
66.94,66.64,67,66.53
66.68,66.17,66.74,65.76
66.62,65.99,66.69,65.87
65.67,66.19,66.19,65.28
65.92,65.69,66.05,65.6
65.35,65.7,66.12,65.06
65.74,65.41,66.1,64.74
64.72,64.69,65,63.91
64.56,64.41,64.8,63.4
64.975,66.42,66.58,64.74
66.57,67,67.06,66.36
66.755,67.01,67.5,66.6599
67.04,66.71,67.09,66.37
66.7,66.73,66.93,66.31
66.65,67.33,67.92,66.5
66.79,66.97,67.1,66.4
66.67,67.48,67.52,66.22
67.97,67.52,68.5,67.51
66.63,66.05,66.65,65.86
66.3,65.34,66.65,65.16
65.64,65.82,66.22,65.61
65.64,65.24,66.15,65
65.27,64.97,65.54,64.97
64.8,65.39,67.45,64.8
64.94,65.21,65.77,64.67
64.82,65.2,65.43,64.32
65.27,66.01,66.06,64.49
65.67,65.75,65.88,65.31
65.43,65.71,66.25,65.111
65.53,65.12,65.7,65.03
65.45,66.2,66.24,65.2
65.885,66.36,66.42,65.53
67.18,67,67.31,66.75
66.95,66.9,67.45,66.32
66.54,67.12,67.33,66.02
67.18,66.52,67.195,66.47
66.95,66.18,67.15,65.88
65.64,66.25,67.1,65.36
66.73,66.4,66.8,65.625
66.02,67.085,67.44,65.96
63.53,63.65,64.12,63.25
63.45,63.62,63.96,62.33
63.67,63.47,64.04,63.46
63.66,64.18,64.52,63.37
64.4,63.95,64.95,63.85
64.89,64.9,65.3,64.66
64.68,64.73,64.88,64.06
64.68,64.73,65.07,64.465
65.135,64.92,65.32,64.8
64.79,64.54,65.035,64.27
64.44,63.75,64.47,63.52
64.24,64.29,64.67,63.76
64.9,64.78,65,64.33
64.78,65.47,65.53,64.39
64.88,64.35,64.96,64.27
63.91,64.56,64.64,63.6
64.01,63.35,64.24,63.16
63.5,64.1,64.35,63.22
64.4483,64.82,65.19,64.09
64.75,63.58,64.75,63.545
61.8596,60.52,62.25,60.22
60.6382,61.15,61.6,60.55
61.51,61.57,61.75,60.72
61.59,61.88,62.26,61.3
61.9,61.5,61.95,61.4
61.61,61.5052,62.505,61.36
62.8601,62.93,63.1593,62.53
62.55,63.31,63.54,62.53
63.36,62.4,63.45,62.15
62.04,60.2099,62.06,59.9
59.8302,61.58,61.97,59.44
62.76,63.07,64.01,62.5
63.4885,64.51,64.72,63.33
64.35,64.17,64.67,64.09
63.93,63.8,64.24,63.67
63.86,64.32,64.4,63.48
64.1982,63.6,64.2,63.4
63.63,63.09,63.98,62.97
63.465,63.44,63.58,63
63.37,63.91,63.95,63.24
63.62,63.62,63.805,63.16
63.35,63.05,63.68,62.88
62.65,61.86,62.68,61.67
62.26,62.61,62.72,61.93
62.49,62.75,63.04,62.04
63.13,62.35,63.16,62.2
62.14,62.17,62.55,61.88
62.14,61.95,62.325,61.38
62.09,62.5,62.55,62.05
61.93,61.38,62.03,60.75
61.2808,61.64,62.29,60.84
61.7268,62.33,62.57,61.52
62.13,61.34,62.76,61.2
61.62,61.84,62.1199,61.15
61.62,61.12,62.24,61.04
60.67,62.76,62.8,60.38
58.1213,59.4,59.71,58.11
60.37,60.55,60.72,60.01
60.43,60.14,60.55,59.8
59.3,60,60.1,59.22
59.73,58.71,59.87,58.52
58.61,59.15,59.48,58.32
59.04,57.8,59.21,57.7
57.43,57.99,58.21,57.29
57.63,58.82,58.94,57.47
58.31,58.09,58.69,57.67
58.68,58.5,58.78,58.03
58.75,59.99,59.99,58.5
59.96,61.03,61.04,59.61
60.98,59.88,61.26,59.88
60.3607,59.49,60.45,59.2
59.29,59.23,59.47,58.24
58.89,59.2,59.23,58.1
59.21,60.45,60.51,59.16
59.78,60.2,60.27,59.65
60.39,61.28,61.65,60.29
61.4,62.05,62.32,61.38
62.64,63.04,63.75,62.42
62.65,62.15,62.775,61.67
62.07,62.15,62.37,61.63
61.79,62.13,62.31,61.52
61.91,62.73,62.79,61.53
62.47,63.06,63.22,62.27
63.49,62.52,63.7,62.39
62.32,62.65,63.34,62.07
62.73,64.01,64.365,62.68
63.665,63.5,63.9,63.04
64.265,64.79,64.96,64.23
64.35,64.65,64.76,63.19
65.08,65.04,65.45,64.51
65.08,64.61,65.35,64.5
64.81,65.04,65.05,64.43
64.88,64.17,65.28,64.07
63.845,62.58,64.25,62.5
62.44,62.3,62.63,61.97
61.846,61.31,62.16,61.3
61.29,61.99,62.665,61.14
61.93,62.5,62.955,61.88
62.62,61.3,62.67,61.2
60.68,60.7,60.885,60.28
60.81,61.2,61.4,60.42
61.46,61.59,61.7,60.78
61.2,61.64,61.97,61.07
62.11,61.98,62.4605,61.78
62.01,62.22,62.55,61.87
62.37,62.54,62.605,62.03
62.43,61.98,62.615,61.75
62.045,62.04,62.33,61.75
62.17,62.15,62.47,61.65
62.08,62.8,63.295,61.59
62.8,63.1,63.29,62.35
63.29,62.9,63.34,62.55
62.57,62.7,63,62.51
62.52,62.21,62.79,61.91
62.39,62.41,63.09,62.16
62.1,61.63,62.19,61.44
61.982,61.71,62.05,61.36
62,61.53,62,61.27
61.45,61.24,61.55,60.98
61.34,60.33,61.4,60.24
60.13,60.41,60.5,60.01
60.24,59.92,60.35,59.31
58.88,58.74,59.7,58.16
59.52,60.09,60.17,59.06
59.68,59.19,60.19,59.15
59.15,59.23,59.856,58.96
59.34,58.82,59.53,58.31
58.21,58.04,58.7695,57.74
57.28,56.69,57.71,56.4001
56.785,57.43,57.49,56.3
57.32,56.53,57.66,56.07
57.68,58.19,58.59,57.63
58.435,58.85,58.89,57.4875
56.05,54.56,56.64,54.55
54.46,54.6,55.33,53.09
54.36,55.26,55.33,53.96
54.98,53.64,55.185,53.62
53.73,53.84,54.39,53.11
54.37,54.97,55.15,53.62
55.17,55.49,55.86,54.8
55.32,55.39,56,54.93
55.31,55.87,56.23,54.83
56.25,56.27,56.6801,55.77
56.26,55.92,56.545,55.75
55.665,55.65,55.86,54.87
55.68,55.71,55.95,54.4726
54.3,54.58,55.2,53.77
54.91,53.9,55.44,53.84
53.92,53.77,54.49,53.41
53.555,55.13,55.37,53.45
55.64,55.27,55.94,55.14
55.13,57.17,57.35,55.04
57,57.18,57.68,56.66
57.02,56.77,57.32,56.67
56.77,56.12,57.3,55.8
56.5,56.39,57.16,55.62
56.79,58.88,58.89,56.01
58.94,59.35,59.685,58.67
59.4,57.95,59.45,57.6
57.79,58.97,59.29,57.67
58.76,57.93,58.92,57.54
58,59.14,59.5,57.83
58.405,57.4,58.56,57.25
57.18,55.54,57.3,55.45
55.85,55.12,55.92,54.92
55.12,55.97,56.41,54.85
57.31,57.29,57.71,56.3
57.45,57.49,58.01,56.87
58.39,57.9,58.75,57.61
57.32,57.2,57.73,57
57.15,58.41,58.68,56.65
58.14,57.5,58.42,57.09
57.93,57.41,58.3,57.35
57.22,55.85,57.58,55.85
55.98,57.46,58.3,55.72
57.16,59.26,59.36,56.55
59.11,61.664,61.93,59.07
61.44,61.55,62.5,61.27
61.46,61.17,62.13,60.97
61.86,62.05,63.06,61.57
62.48,62.59,62.8,62.22
62.01,61.95,62.9,61.81
62.67,61.73,62.81,60.86
61.92,61.28,62.31,61.25
61.91,63.04,63.07,61.38
63.55,64.48,64.7195,63.46
64.24,63.21,64.3,62.755
63.64,63.82,64.63,63.39
63.83,63.98,64.13,63.4
64.18,64.37,64.49,63.92
63.91,63.32,63.99,63.1
63.26,63.03,63.51,62.66
61.86,61.5,62.46,61.26
61.558,61.82,62.04,61.36
62.25,62.84,63.31,62.22
62.565,63.47,64.85,62.26
66.985,67.45,67.5,66.54
67.23,66.77,67.88,66.43
66.25,67.34,67.5,65.53
66.67,68,68.13,66.59
68.33,66.52,68.57,66.32
66.225,66.92,67.5,66.1
66.22,66.68,67.095,66.07
66.5,66.12,67.7667,65.58
67.19,67.31,67.6,67.07
67.39,67.34,67.71,66.8386
68.13,68.41,68.77,67.73
68.32,68.25,68.83,67.5
68.06,68.25,68.28,67.76
67.93,67.88,67.99,67.3
68.12,68.18,68.68,67.34
68.49,68.59,68.87,68.34
68.59,67.34,68.71,67.3
66.685,66.5,66.74,65.69
66.29,66.23,66.41,65.95
66.43,66.85,66.9,65.9
66.75,66.43,66.82,66.33
66.75,65.839,67,65.54
65.41,65.17,65.62,65.08
65.21,65.28,65.49,64.88
65.11,64.81,65.56,64.7
64.85,64.16,64.89,64.15
63.85,63.95,64.19,63.46
63.93,63.59,64.28,63.43
63.32,62.99,63.64,62.87
62.72,61.81,62.95,61.49
61.56,61.77,62.45,60.93
62.11,62.23,62.32,61.51
62.43,62.68,62.74,62.16
62.61,62.21,62.89,62.15
62.18,62.66,62.97,62
62.68,63.4,63.45,62.49
63.31,62.9,63.61,62.75
63.44,63.8,63.81,63.37
63.51,62.55,63.66,62.32
62.55,62.65,62.9425,62.44
62.78,62.66,62.93,62.35
62.52,62.26,62.71,62
62.27,61.79,62.4,61.56
61.58,61.81,61.99,61.36
61.71,61.52,61.71,61.1
61.74,61.99,61.99,61.2
61.73,61.43,61.8,61.24
61.94,61.59,61.99,61.39
61.47,61.42,61.67,60.94
61.55,60.81,61.62,60.54
61.07,60.82,61.12,60.54
61.06,60.99,61.33,60.6101
60.73,61.03,61.95,60.6
59.56,59.48,59.75,58.79
58.82,58.95,59.35,58.6
58.63,57.24,58.64,57.03
57.79,57.55,58.15,57.54
57.81,59.13,59.35,57.54
58.99,59.12,59.5,58.53
58.68,57.76,58.68,57.567
58.15,57.94,58.72,57.86
57.73,58.02,58.1,57.47
58,57.71,58.24,57.47
57.59,57.12,57.91,56.96
57.14,56.93,57.74,56.72
56.54,55.94,56.73,55.92
56.33,55.61,56.51,55.48
55.62,55.75,56.03,55.55
55.75,56.56,56.6,55.715
55.91,56.14,56.36,55.429
56.16,55.91,56.4,55.86
56.06,55.87,56.2,55.29
55.83,55.22,56.2,54.56
55.27,55.88,55.98,54.67
54.7,54.68,54.985,54.66
54.85,54.46,54.94,54.43
54.34,54.8,54.95,54.08
54.87,54.3,54.99,54.01
54.63,54.6,54.74,53.95
54.38,53.49,54.515,53.46
53.49,54.19,54.4005,52.8
54.105,52.87,54.34,52.79
51.92,53,53.07,51.76
52.61,52.9,53.83,52.42
52.55,53.75,53.77,52.19
53.1,54.18,54.31,52.69
54.19,55.39,55.73,53.79
54.78,54.41,54.86,54
55.18,53.99,55.4,53.75
54.07,54.05,54.99,53.88
54.45,54.53,54.74,53.55
54.83,54.61,55.16,54.05
54.49,55.17,55.18,53.69
54.34,55.4,55.7,54.29
54.73,54.7,55.09,54.355
54.8,54.8,55.12,54.08
53.11,53.99,54.58,52.85
53.94,53.42,54.04,53.19
51.86,51.68,53,51.68
52.03,53.42,53.48,51.6
54.48,53.94,55.02,53.93
54.27,54.39,54.7671,53.8
55.67,56.55,56.5635,55.44
56.38,56.64,57.17,55.41
56.88,56.72,57.97,56.31
57.4,56.78,57.75,56.48
57.1,56.57,57.5,56.44
56.62,55.92,56.99,55.66
55.21,56.14,56.22,54.655
55.41,55.68,56.5,54.95
57.03,57.14,57.29,56.26
56.92,55.8,56.99,55.8
56.5,55.14,56.67,55.11
56.11,56.28,56.96,54.76
52.18,51.1,52.32,51.07
50.14,49.92,50.82,49.78
51.6,52.68,53.11,51.6
53.23,53.41,53.5,52.71
53.52,53.09,54,52.5
51.6,52.82,52.83,50.79
52.32,53.41,53.7,52.2
53.61,52.4,53.8,52.36
52.02,52.76,52.84,51.48
52.01,52.81,53.26,51.72
52.6,53.8,54.4293,52.36
54.56,53.6,54.95,53.0785
53.64,54.7,54.9,53.34
54.98,54.05,55.03,53.84
53.31,51.94,53.41,51.9
52.04,52.3,52.94,52.02
51.65,52.02,52.11,51.51
52.09,51.01,52.14,50.59
50.23,50.94,51,49.64
50.87,50.58,50.96,50
50.77,49.63,50.9,49.33
49.43,47.06,49.56,46.4
47.65,48.21,49.35,47.38
48.63,49.46,50.3,48.63
50.13,51.9,52.22,48.81
51.06,52.1,52.52,50.97
51.78,51.55,52.78,50.75
50.58,50.39,50.89,49.24
50.29,49.77,50.695,49.25
50.03,49.99,51.26,48.96
51.66,52.88,53.69,51.65
53.11,53.92,54.3,53.04
53.67,53.06,53.91,52.41
53.87,53.8,53.94,53.12
53.63,53.74,53.92,52.45
53.07,52.6,53.75,51.88
52.32,51.48,52.52,51.4
51.39,49.61,51.43,49.61
50.405,51.07,51.27,49.8
51.55,51.57,53.28,51.29
51.69,50.34,51.69,50.27
49.45,48.4,49.56,47.595
49.68,49.98,50.45,49.25
51.06,51.92,52.87,51.02
51.46,51.84,52.16,50.9
51.24,50.55,51.7,50.165
50.92,49.65,51.07,49.44
48.94,46.99,49.61,46.29
46.95,48.16,48.545,46.78
47.93,48.22,48.33,46.88
48.06,46.73,48.06,46.57
46.4,47.7,47.81,45.98
46.52,47.23,48.17,46.44
47.95,49.04,49.15,47.36
51.01,50.98,51.45,49.97
51.07,50.48,51.46,49.96
51.26,50.75,51.41,50.205
50.5,49.9,51.245,49.18
49.55,47.73,50.04,47.55
47.26,48.4,49.02,47.13
49.89,47.89,49.89,46.7
47.29,49.26,50,46.88
51.02,51.81,51.98,48.97
51.25,52.85,53.09,51.2
53.73,53.22,53.81,52.7
53.01,53.63,54.02,52.95
54.12,55.34,55.44,53.41
54.78,54.39,55.37,54.06
54.99,54.71,55.61,54.46
54.59,56,56.15,54.3915
56.54,56.85,56.99,56.3
56.81,56.92,57.51,56.66
57.46,57.16,57.71,56.76
56.935,56,57.25,55.87
57.3,58.69,59.4,57.1
56.98,55.99,57.245,55.87
55.28,54.87,55.31,54.53
54.96,55.05,55.5,54.64
54.92,56.1,56.44,54.29
56.09,57.05,57.09,56.01
56.52,58.26,58.59,56.21
58.24,58.73,58.93,57.76
59.36,58.79,59.37,58.08
59.26,58.9,59.48,58.86
58.7,57.88,58.75,57.88
58.14,57.75,58.25,57.51
57.88,56.79,57.98,56.44
56.79,55.66,56.85,55.51
55.43,55.6,55.93,55.25
55.45,54.83,55.67,54.705
54.75,54.08,55.11,53.64
54.19,54.77,54.96,54.09
54.96,53.12,54.98,53.06
53.995,54.14,54.41,53.67
54.43,53.66,54.99,53.15
53.48,52.53,53.5301,52.13
52.69,53.92,54.3,52.6
52.99,54.12,54.21,52.42
54.1,55.23,55.56,53.8
55.58,54.87,55.87,54.75
54.4,54.79,54.89,54.24
54.6,55.7,55.74,54.355
55.87,56.13,56.47,55.68
56.3,56.24,56.52,55.52
56.51,56.62,57.075,56.47
56.48,56.9,57.49,56.42
57.04,57.12,58.16,56.95
57.8,57.34,58.31,57.34
57.155,58.43,58.95,56.98
58.59,57.95,58.59,54.32
57.35,57.34,57.8,57.06
57.17,56.74,57.55,56.54
56.99,56.34,57.42,56.33
56.31,56.51,57.01,55.95
56.38,56.49,56.7,55.92
57.38,57.22,57.75,57.03
57.3,56.62,57.67,56.62
56.45,56.23,56.78,55.77
56.35,56.38,56.495,55.66
56.7,57.18,57.76,56.48
57.12,57.34,57.83,56.77
57.34,56.26,57.6499,56.14
56.59,56.82,57.72,56.19
56.91,56.94,57.1,56.34
56.66,56.75,56.92,55.99
56.57,56.75,57.54,56.33
56.13,55.64,56.82,55.59
56.08,56.32,57.0132,55.42
56.49,57.31,57.54,55.96
57.24,57.44,57.9,56.98
57.09,57.58,57.9891,56.84
57.58,57.76,58,57.15
58.18,57.83,58.46,57.1
57.22,57.12,57.51,56.93
56.82,56.37,57.18,56.21
56.94,57.25,57.62,56.56
55.27,54.7,55.4,54.5
53.42,53.29,53.69,52.88
53.29,52.2,53.33,52.04
53.14,52.84,53.455,52.11
52.6,51.99,52.85,51.45
52.68,52.86,52.93,52.01
52.25,52.8,52.97,51.73
53.4,53.87,54.47,53.34
53.63,54,54.35,53.32
53.23,53.36,54.32,53.05
53.54,53.11,53.89,52.99
52.58,53.02,53.64,52.4
53.11,54.54,54.71,52.48
54.47,55.07,55.19,54.25
54.83,54.56,54.95,54.34
54.51,54.37,54.61,53.8
53.91,52.44,54.09,52.36
52.18,52.95,53.28,52.1
52.75,53.83,53.99,52.72
53.72,52.61,53.77,52.07
52.45,52.47,52.58,51.7
52.4875,53.58,53.76,52.35
53.63,53.24,54.11,53.03
51.71,52.83,53.16,50.76
52.32,52.62,53.47,51.99
50.5,52.5,52.82,50.4
53,51.14,53.28,50.1
53.48,52.97,53.6,52.75
53.61,53.7,54.08,53.39
54.04,54.41,54.97,53.84
55,56.85,56.85,54.91
57.15,56.72,57.49,55.55
57.58,58.49,58.59,56.82
58.15,58.79,58.879,57.6
58.84,57.7,58.98,57.67
57.1,57.88,58.18,56.97
58.04,59.84,59.84,57.8
59.58,58.99,59.8,58.91
59.02,58.12,59.2,57.9
57.8,57.3,58.11,57
57.01,57.9,58.4,56.52
58.245,58.56,58.99,57.89
59.19,59.04,59.43,58.66
59,58.31,59.01,58.2
58.54,58.89,58.98,58.25
58.64,58.01,58.96,57.92
58.17,57.74,58.8,57.61
57.6,56.76,57.65,56.68
57,56.17,57.19,55.88
56.21,55.95,56.37,55.75
56.1,55.49,56.1,55.35
55.07,55.11,55.62,54.83
55.23,55.04,55.38,54.5
54.9775,54,55.24,53.81
53.985,54.77,54.9,53.88
55.08,54.3,55.27,54.11
54.13,53.85,54.465,53.07
53.74,54.1,54.69,53.39
54.9,54.2,55,53.77
51.86,51.44,52.07,51
51.52,51.43,51.57,50.62
51.49,51.12,51.5,50.84
51.235,51.55,52,51.09
51.33,52.16,52.2399,51.2601
52.14,52.71,53.1,51.89
53.03,52.37,53.06,52.29
52.04,51.93,52.135,51.43
51.87,52.28,52.45,51.51
52.34,52.25,52.34,51.59
52.07,51.57,52.44,51.57
51.69,51.44,52.2,51.44
51.73,52.81,52.9,51.4
52.67,52.11,53.03,52.04
52.03,51.55,52.4,51.25
50.97,50.4,51.06,49.59
50.18,49.89,50.8,49.85
49.49,49.64,49.83,49
49.73,50,50.21,49.63
49.99,49.97,50.31,49.86
49.86,49.77,49.96,49.57
49.61,49.4,49.7968,48.98
49.44,49.87,49.97,49.28
49.99,49.8,50,49.62
49.99,49.7,50,49.58
49.44,49.72,49.83,49.15
49.46,49.65,49.72,49.26
49.65,49.14,49.76,48.86
49.09,49.36,49.57,48.82
49.18,49.3,49.5,48.83
49.1175,49.52,49.76,49.1
49.4775,49,49.5,48.9
49.08,49.15,49.29,48.71
48.88,48.57,48.89,48.265
48.47,48.74,49.01,48.45
48.3225,48.55,48.69,48.09
48.82,48.4,48.94,48.24
48.49,48.04,48.65,47.89
47.89,47.32,48.25,47.3
46.82,46.51,47.15,46.46
47.28,47.47,47.65,46.76
47.7,47.78,47.94,47.55
48.0725,47.41,48.2,47.14
47.1,47.23,47.37,46.73
47.62,47.81,48.12,46.99
47.96,47.62,48.05,47.41
47.72,48.43,48.86,47.7
47.98,46.56,48.37,46.5
46.38,46.43,46.69,46.08
46.865,47.61,47.82,46.86
47.47,47.61,47.73,46.69
47.92,46.98,48.01,46.89
47.68,48,48,47.25
47.92,47.86,48.24,47.39
47.8,48.02,48.33,47.58
48.33,47.87,48.36,47.4
48.34,48.61,49.45,48.065
45.69,45.21,45.76,44.62
45.38,45.75,45.94,45.23
45.33,45.52,46,45.14
45.16,44.55,45.63,44.55
44.42,44.85,44.91,44.41
44.48,43.48,44.51,43.44
43.935,43.98,43.99,43.21
44.33,44.35,44.5,44.2
44.18,43.85,44.27,43.61
43.98,44.44,44.51,42.45
44.38,44.26,44.901,44.26
44.22,44.25,44.57,43.5
44.49,44.78,44.8,44.13
44.7875,45.41,45.51,44.49
45.04,45.02,45.35,44.81
45.32,44.965,45.51,44.74
44.79,44.18,45,43.77
44.18,44.67,44.7,43.94
44.76,44.48,44.91,44.05
44.55,44.91,44.96,44.14
44.65,44.21,44.68,43.87
44.26,44.42,44.9,44.08
43.89,44.43,44.43,43.35
44.26,45.51,45.6,43.92
45.1325,45.07,45.75,44.77
44.31,43.76,44.51,43.7
44.0675,44.69,44.85,43.7
44.59,44.32,45,44.14
44.55,43.95,44.97,43.86
43.65,42.95,43.745,42.76
43.3,43.55,43.76,42.7
43.5125,43.21,43.8725,43.11
43.01,42.58,43.1,42.57
42.53,42.12,42.75,41.9375
41.97,41.8,42.3,41.65
41.9775,41.1,42.2106,41.01
41.11,40.85,41.38,40.58
41,40.94,41.36,40.74
40.42,41.02,41.04,40.07
40.9,41.16,41.22,40.52
40.92,40.64,41.14,40.63
40.57,40.11,40.82,39.92
40.38,40.28,40.475,39.76
40.02,39.69,40.03,39.45
39.5975,38.96,40.15,38.92
38.3,38.18,38.76,37.81
38.29,38.39,38.77,38.29
38.64,38.5,38.85,37.74
38.28,38.67,38.82,37.98
38.46,37.67,38.73,37.65
38.04,38.4,38.48,37.76
38.54,39.19,39.45,38.41
38.91,38.11,39.09,38
38.11,38.75,38.84,37.72
39.04,39.1,39.41,38.61
39.14,38.96,39.79,38.93
38.64,37.88,38.89,37.45
37.95,38,38.34,37.83
38.24,37.83,38.89,37.8
39.36,39.2,39.44,38.44
39.78,39.5,40,39.08
39.75,38.87,39.94,38.83
38.65,38.2,38.98,37.95
38.5,38.21,38.7,38.12
38.43,38.39,38.615,38.01
38.46,38.59,38.8,38.3
38.76,38.33,39,38.02
38.08,38.26,38.3905,37.76
38.78,39.35,39.42,38.26
38.76,39.35,39.425,38.61
39.22,39.45,39.5,39.13
39.24,38.72,39.28,38.72
39.08,39.03,39.66,38.78
39.11,38.34,39.52,38.3
36.16,36.86,37,35.81
36.75,36.08,36.78,35.74
36.77,36.26,37.08,36.2
35.96,36.97,37.22,35.74
36.88,36.99,37.12,36.38
36.9,36.24,37.09,35.98
35.95,35.51,35.98,35.34
35.1,34.74,35.33,34.51
33.91,34.05,34.14,33.56
33.93,33.79,33.99,33.25
33.38,32.82,33.47,32.44
32.65,32.66,33.32,32.45
32.37,31.87,32.68,31.6501
31.96,32.79,32.88,31.63
32.84,33,33.6463,32.73
33.14,33.78,33.79,32.87
34.04,34.63,34.88,34.01
34.57,34.7,34.9,34.28
34.79,35.22,35.3,34.63
35.42,35.61,35.81,35.27
35.57,35.76,36.36,35.55
35.64,35.85,36.17,35.36
35.69,35.75,36.07,35.57
35.71,35.24,35.77,35.01
35.08,35.4,35.438,34.8
35.58,35,35.6,34.99
34.79,35.7,35.88,34.72
35.36,34.54,35.47,34.52
35.03,35.16,35.17,34.33
34.72,35.3,35.38,34.63
35.27,34.845,35.31,34.57
35.01,35.35,35.7704,34.97
35.3025,35.75,36.22,35.15
36.47,36.25,36.81,35.78
36.02,35.13,36.04,34.7
35.07,35.445,36.08,34.96
35.56,35.41,35.925,35.16
35.56,35.35,35.6,35.1
34.88,35.75,36.1,34.76
35.61,34.89,35.66,34.52
35.67,35.6,36.15,35.43
35.89,35.1,36.28,34.83
35.59,35.75,36.24,35.25
36.45,36.68,36.89,36.17
36.71,37.02,37.46,36.5
37.365,37.46,37.7,36.77
37.3,37.76,38.04,36.9
37.96,37.97,38.68,37.77
38.16,38,38.39,37.715
37.48,37.07,37.91,37.05
37.37,37.41,37.81,37.1
36.5,36.44,36.86,35.23
36.67,37.36,37.63,35.56
37.635,37.2,37.89,37
37.6,38.27,38.3,37.01
38.64,38.91,39.05,38.31
38.68,39.15,39.29,38.61
38.98,38.97,39.22,38.77
38.82,38.225,38.85,38
37.92,38.23,38.84,37.84
38.11,38.27,38.71,37.78
38.25,38.98,39.03,37.8
39.331,39.75,40.35,38.88
42.63,43.33,43.39,42.27
43.29,42.745,43.35,42.49
42.75,42.63,42.99,42.25
42.74,42.68,42.98,42.25
42.7,42.66,43.18,42.48
42.6,42.23,42.8,42.1
42.3,42.03,42.39,41.8
42.23,42.03,42.46,42
42.17,42.2,42.37,41.85
42.4,42.69,42.72,42.09
42.77,42.37,42.87,42.37
42.43,42.22,42.56,42.19
42.53,42.6,43.01,42.39
42.27,42.17,42.46,42.14
41.96,41.99,42.22,41.84
42.13,42.45,42.5,41.94
41.76,42,42.09,41.6
41.829,42,42.54,41.61
42.19,42.54,43.84,42
40.19,40.24,40.43,40.02
40.52,40.43,40.58,40.03
40.2775,40.08,40.54,39.87
40.05,40.52,40.61,39.78
40.43,39.23,40.53,39.16
38.9,39.05,39.195,38.71
39.01,38.9,39.11,38.59
38.87,39,39.06,38.66
38.95,39.12,39.39,38.8
39.1,38.86,39.25,38.71
38.88,38.57,39.1,38.5
38.68,38.73,38.91,38.5
38.79,38.83,39.01,38.61
38.76,39.49,39.52,38.62
39.25,38.94,39.28,38.58
38.69,38.48,39.16,38.37
37.93,36.75,38.46,36.57
35.56,36.82,36.82,35.46
36.6829,37.12,37.13,36.51
37.18,37.23,38,36.47
37.87,38.61,38.67,37.67
38.54,39,39.15,38.4
39.01,39.81,39.89,38.69
39.59,39.815,39.85,39.47
39.81,39.47,39.9393,39.39
39.43,39.1,39.7,39.02
39.02,39.09,39.3,38.7
38.84,38.18,39,37.98
38.01,37.27,38.12,37
37.43,37.71,38.16,37.32
37.91,37.92,38.29,37.64
37.51,38.11,38.188,37.47
38.04,38.41,38.597,37.43
38.17,39.27,39.28,38.15
39.63,38.96,39.72,38.6
39.26,39.82,39.89,38.98
39.77,39.25,39.97,38.68
39.19,40.83,40.88,38.49
40.48,42.11,42.11,40.01
47.2,46.52,47.31,46.27
46.89,46.9,47.47,46.56
46.91,46.97,47.69,46.7
46.78,48.11,48.57,46.67
48.09,48.32,49,47.92
48.35,48.91,48.94,47.79
49.32,48.62,49.7,48.55
48.53,48.61,49.04,48.11
48.37,48.26,48.72,48.22
48.7,48.85,48.95,48.23
48.49,48.86,49.21,48.07
49.29,49.58,49.69,48.64
49.47,49.11,49.8,48.89
48.98,47.75,49.02,47.55
47.6,48.26,48.43,47.38
48.07,47.52,48.32,47.5
46.94,46.79,47.315,46.57
46.26,46.88,46.92,46.26
46.86,46.31,46.99,46.24
46.65,46.26,46.88,46.12
46.26,46.05,46.29,45.75
46.1,45.94,46.11,45.79
45.95,45.98,46,45.72
45.84,45.65,45.9,45.39
45.41,44.88,45.74,44.81
44.57,44.33,44.6,44.05
44.31,44.67,44.83,44.24
44.69,44.9,45.04,44.65
44.88,44.58,45.26,44.45
44.67,45.1,45.22,44.58
44.9,45.62,45.88,44.73
45.56,45.02,45.79,44.95
44.77,44.35,44.87,44.18
44.59,44.71,45.2,44.13
44.89,45.11,45.42,44.8
45.16,45.03,45.68,44.68
44.63,45.05,45.28,44.6
45.06,45.22,45.55,44.9
45.06,45,45.47,44.88
45,44.82,45.07,44.32
44.99,44.75,45.39,44.69
45.44,45.7,45.84,45.34
45.56,45.9,46,45.38
45.55,45.25,45.9,45.25
45.1,44.76,45.25,44.76
45.09,45.05,45.36,44.55
45.49,45.83,45.93,45.2
45.99,45.58,45.99,45.46
45.51,45.9,46.25,45.29
45.77,45.29,46,45.24
44.85,44.7,45.19,44.52
44.66,44.37,44.75,44.35
44.3517,44.66,44.75,44.29
44.75,44.24,45,44.15
43.9,43.52,43.97,43.4
43.85,43.05,43.88,42.92
41.6,42.41,42.73,41.51
42.22,41.73,42.29,41.4901
41.81,41.35,42,41.08
41.33,42.63,43.08,41.32
42.27,42,42.55,41.87
41.63,41.08,41.98,41
41,40.81,41.32,40.69
40.68,40.56,41.46,40.37
40.7,40.8,41.11,40.53
41.08,40.73,41.24,40.15
41.41,41.26,41.95,41.26
41.309,41.83,41.95,41.1
42.06,41.99,42.34,41.56
41.96,42.48,42.56,41.32
42.45,42.11,42.48,41.88
42.23,41.84,42.36,41.61
41.29,41.63,41.84,41.08
41.54,41.73,42.01,41.19
41.7,41.46,41.77,40.5
41.45,42.68,42.68,41.37
42.18,42.42,42.66,42.02
42.62,42.28,43.4,42.21
41.94,41.6,42.29,41.34
41.44,42.38,42.62,41.22
42.7,44.61,44.64,42.5
44.98,45.72,45.83,44.51
45.5,45.93,46.03,45.25
45.97,45.14,46.35,45.02
44.7,44.47,45.13,44.3
44.66,44.42,44.86,44.18
44.23,44.6,44.91,44.18
44.59,44.985,44.99,44.33
44.87,44.04,44.99,44.01
44.46,45.35,45.39,44
45.02,45.5,45.65,44.87
45.71,45.84,45.93,44.94
45.75,46,46.13,45.64
46.23,46.16,46.48,45.8
46.61,46.65,46.71,45.92
46.65,46.14,46.75,45.89
46.22,45.77,46.54,45.21
46.02,45.9,46.045,45.51
45.72,45.03,45.97,44.75
45.02,45.2,45.3,44.13
45.42,45,45.81,44.68
45.35,46.04,46.72,45.05
46.42,47,47,45.99
47.22,47.73,48.2,46.94
47.25,47.38,47.57,46.8
47.53,46.99,47.78,46.76
46.99,47.27,47.85,46.88
47.41,46.86,47.5,46.86
47.29,47.47,47.49,46.63
47.09,45.8,47.3,45.75
45.72,44.85,45.89,44.66
45.15,45.04,45.3,44.64
44.95,45.47,45.69,44.86
46.13,46.52,46.52,45.49
46.58,46.51,46.89,46.1
46.37,45.42,46.97,45.41
45.4,45.61,46.1399,45.38
45.74,45.57,46.07,45.47
45.97,46.07,46.43,45.85
45.6,45.9,45.97,45.29
45.81,46.22,46.39,45.31
46.31,46.81,46.85,45.96
46.97,46.673,47.16,46.31
46.21,46.26,46.85,46.04
46.52,46.7,47.45,46.38
46.25,46.01,46.5,45.8
46.36,46.34,46.52,45.95
46.48,46.97,47.35,46.16
47.35,47.1,47.6,46.66
47.4,46.34,47.45,46
48.45,47.79,48.72,47.45
47.98,47.02,48,46.36
47.03,47.47,47.49,46.39
47.4,46.89,47.61,46.25
46.72,45.93,46.84,45.76
46.06,45.09,46.145,44.75
44.65,44.26,44.835,43.95
44.31,43.72,44.32,42.67
43.44,43.13,43.6,42.8
43.06,43.65,43.76,43
43.55,43.47,43.91,43.06
43.68,45.2,45.33,43.5174
45.2,44.23,45.339,43.88
44.68,44.86,45.14,44.22
45.16,45.37,45.59,44.92
45.2,45.9,46,45.01
46.09,45.91,46.44,45.4
46.19,46.1,46.73,45.79
46.34,45.13,46.7,44.96
45.27,44.65,45.42,44.26
44.49,44.42,44.78,43.32
44.4,45.46,45.75,44.255
46,45.41,46,45.15
45.28,45.02,45.66,44.34
45.09,44.44,45.35,43.99
43.45,44.04,44.51,43.45
44.31,45.31,45.35,43.73
46.05,46.14,46.39,45.08
45.98,45.14,46.46,44.93
46.07,46.2,46.47,45.4
46.03,45.87,46.32,45.13
45.37,44.9,45.71,44.4
45.4,45.52,45.692,44.88
45.29,43.75,45.435,43.65
43.58,43.91,43.91,42.85
43.91,43.91,44.5,43.58
44.4,44.1,44.75,43.41
43.59,43.31,43.65,42.43
42.95,42.9,43.2,41.77
42.43,43.2,43.68,42.2
43.29,40.73,43.56,40.71
41.31,41.65,42.09,41.2
41.69,41.99,42.57,40.985
42.57,42.57,43.2,41.8
42.34,41.75,42.76,41.25
41.99,41.08,42.18,40.93
40.72,40.35,41.16,40.2
40.53,40.21,40.86,40.03
39.92,40.55,40.68,39.85
40.93,41.95,42.24,40.42
41.92,41.6,42.52,40.81
41.79,42.83,43.11,41.32
42.34,43.75,44.18,41.71
43.73,43.89,44.21,42.82
43.49,43.48,43.59,42.67
43.35,42.96,43.95,42.83
42.66,42.31,42.76,41.49
42.32,43.34,43.56,41.72
43.08,42.58,43.56,42
42.24,42.63,43.53,42.07
43.17,42.35,44.59,42.3
41.36,40.84,41.62,40.01
40.73,41.11,41.26,39.71
40.12,39.91,41.1,39.849
40.27,39.62,40.34,39.28
39.63,40.11,40.46,39.27
40.98,41.61,41.76,40.74
41.64,41.21,41.71,40.75
40.9,40.32,40.95,40.12
40.8,40.79,41.16,40.39
40.88,40.94,41.14,40.52
41.65,40.77,42,40.69
40.22,39.89,40.51,39.53
39.36,40.14,40.27,39.01
40.66,40.45,40.68,39.67
41.19,41.4825,41.4825,40.63
41.31,39.95,41.53,39.72
39.68,38.27,39.76,38.06
38.91,38.49,39.62,38.24
37.87,38.13,38.57,37.32
38.94,39.08,39.42,38.61
39.54,38.78,39.7,38.71
38.5,38.13,38.98,37.37
38.03,38.44,38.58,37.76
38.82,37.84,39.03,37.5
37.06,37.65,38.05,36.65
37.64,38.06,38.28,37.41
37.95,36.75,38.6,36.73
37.31,36.3,37.36,35.99
35.84,36.88,36.96,35.74
36.75,36.63,36.83,35.92
36.79,35.45,36.97,35.33
35.35,35.41,35.74,34.55
35.36,33.5,35.39,33.37
33,33.3,34.58,32.825
33.63,34.74,35.07,32.67
34.63,34.55,35.45,34.5
34.74,34.13,35.26,33.88
33.45,33.45,34.13,32.92
32.79,32.93,33.78,32.64
33.43,33.39,34.21,33.32
33.66,34.26,35.37,33.57
33.93,34.09,34.73,33.11
34.49,33.17,34.71,33.06
32.78,33.83,34.25,32.6701
34.07,33.51,34.56,33.43
33.84,34.7,35.09,33.78
34.32,35,35.18,34
34.72,35.2,35.54,34.1
35.68,35.35,36.37,35.35
35.54,34.25,35.8,34.13
34.61,34.79,35.56,33.92
35.02,36.26,36.65,34.69
36.65,36.24,36.9,36
36.32,35.26,36.63,34.62
35.04,33.57,35.43,33.06
33.83,34.3,34.95,33.68
34.22,34.665,35.06,33.37
35.29,34.16,35.59,33.82
34.55,34.84,35.06,34.33
35.13,34.4,35.18,33.77
36.82,36.08,37.07,36
35.63,36.68,36.82,35.23
36.58,36.26,37.02,35.86
36.57,35.5,37.21,35.44
36.06,34.6,36.78,34.6
35.87,34.84,35.87,34.67
34.14,35.71,36.1,34.09
36.02,35.35,36.38,34.91
34.8,33.53,35.18,33.29
33.76,34.28,34.87,33.59
35.14,34.96,35.8,34.51
34.86,34.99,35.52,34.33
35,35.55,35.91,33.51
35.28,35.37,35.59,34.49
35.55,36.5,36.68,35.12
37.15,36.9,37.71,36.35
36.45,36.6,36.9,36.05
37.05,35.65,37.13,35.35
35.83,34.99,36.3,34.91
34.94,34.2,35.1,34
34.1,34.43,34.86,33.64
34.43,33.88,34.57,33.88
34.16,34.06,34.59,33.77
34.18,34.5,34.95,34
34.81,34.91,34.99,33.82
35.03,34.45,35.1,34.28
34.12,34.87,34.96,33.84
35.1,35.66,36.25,34.75
36.06,34.07,36.38,34.04
33.81,33.9,34.4,32.87
33.92,31.78,34.29,31.69
32.59,33.96,34.49,32.39
34.47,34.11,34.95,33.6
33.48,32.918,34.36,32.42
33.53,32.31,34.11,32.17
31.9,29.99,32,29.335
30.08,29.98,31.17,29.6
30.3,29.6,30.57,29.51
30.54,30.79,31.24,29.89
29.96,32.67,32.72,29.91
33.57,33.22,33.6,32.83
33.45,32.14,33.45,32
32.69,33.44,33.5,31.04
32.82,31,33.17,30.65
30.17,29.77,30.2,28.16
29.21,29.76,31.61,29.08
30.01,31.47,32.67,30
31.81,31.87,32,29.98
31.65,32.23,32.75,31.55
32.94,33.22,34.6,32.3
34.82,32.63,34.98,30.82
32.57,34.49,34.5399,32.45
35.07,34.95,36.13,34.79
35.31,36.11,36.57,34.77
35.66,34.31,36.44,34.07
33.05,33.99,35.07,32.97
35.17,37.61,37.63,34.72
37.96,37.83,38.88,36.58
37.2,38.21,38.26,36.31
38.26,39.47,39.55,37.7
39.72,39.4,39.95,38.08
37.92,38.52,40.08,37.24
38.91,35.3,39.06,34.12
33.98,34.24,36.17,33.85
34.99,32.25,35.85,32.21
35.27,35.29,36.77,33.36
35.64,36.87,37.96,34.8
36.63,39.34,39.5,36.36
40.29,40.06,40.5,37.5
39.75,37.67,40.82,37.65
38.89,37.38,39.13,35.71
36.31,39.61,40.05,36.13
40.32,42.88,43.1,39.37
42.3,40.53,42.49,38.52
38.98,38.96,42.45,36.02
39.68,41.9,43.08,39.03
41.07,38.55,43.14,38.32
39.18,40.56,42.05,38.94
40.23,39.8,40.76,37.74
40.87,40.57,43.24,40.5
40.57,41.21,41.54,39.56
41.52,42.79,42.79,40.5
42.97,41.05,43.17,40.72
39.88,45,45.57,20.63
45.84,45.49,46.24,44.83
46.54,45.92,47.23,45.33
45.29,46.11,46.46,44.52
45.91,46.3,47.57,45.43
45.96,48.41,48.74,45.74
48.74,48.75,49.25,37.82
46.7,45.99,47.5,44.18
44.94,46.83,47.27,44.94
47.92,46.55,48.7,45.51
46.82,46.53,48.29,46.38
47.92,48.41,49,47.5
49.09,46.49,49.25,46.41
46.73,46.55,47.46,46.25
45.61,46.42,46.85,45.48
46.28,48.3,48.57,46.08
47.67,47.58,48.45,46.74
48.54,49.04,50.09,48.51
49.26,50.81,50.81,48.6
51.17,53.31,53.54,50.89
52.65,53.17,53.59,52.22
53.97,54.37,54.49,53.86
54.08,53.53,54.74,53.01
53.5,53.97,54.5,52.89
53.88,54.86,55.06,53.71
55.41,55.13,55.76,54.39
54.71,54.95,55.1,54.12
54.95,55.05,55.59,54.525
54.79,55.09,55.84,54.41
55.34,56.44,56.73,55.01
56.37,56.52,56.88,55.37
56.35,55.05,56.5,55.01
55.39,54.05,56.02,53.9
54.21,54.48,54.81,53.81
54.42,55.89,56,53.87
55.86,54.39,56,54.21
55.38,55.29,55.89,54.7
55.56,55.3,55.9,54.79
55.73,53.52,55.75,53.34
52.87,54.44,54.49,52.45
55.47,55.49,55.9,53.98
55.34,55.11,56,54.77
55.64,55.06,55.65,53.97
54.92,53.47,54.97,53.2
53.42,54.41,55.22,53.25
54.45,52.83,55.05,52.7
52.43,53.5,54.51,51.6
44.82,43.42,45.08,42.75
44.1,44.85,45.98,42.69
45.28,45.49,46,44.55
45.19,45.4,45.74,45.01
45.56,47.56,47.9599,45.07
46.98,46.88,47.1,45.91
46.9,47.64,48.34,45.94
47.84,48.8,49.26,47.6
48.33,47.61,49,47.22
48.17,46.87,48.38,46.48
46.58,47.7,48.12,46.53
47.55,45.44,47.6,45.4
45.36,45.97,46.59,44.752
45.05,45.55,45.93,44.93
45.05,46.19,46.64,45.01
45.82,44.15,45.85,44.15
44.37,45.71,45.94,44.34
45.65,45.11,46.08,44.81
45.11,46.67,46.85,45.09
47.16,46.78,47.7765,46.51
46.27,47.52,47.75,45.79
47.81,48.87,49.0012,47.73
48.53,49.85,49.86,47.89
50.36,48.87,50.82,48.79
49.1,48.35,49.53,48.05
48.63,49.78,49.81,48.44
49.54,49.39,50.18,49.19
49.99,49.38,50,48.75
48.98,47.8,49.36,47.22
46.31,47.28,47.4,46.3
47.42,46.59,48.1,46.45
47.11,47.402,47.48,46.3
47.14,49.03,49.11,46.87
49.39,48.25,49.39,47.93
48.45,46.66,48.56,46.6
46.99,48.55,48.55,46.6
47.7,48.61,48.69,46.98
48.54,49.45,49.5,48.5
49.22,48.37,49.3,48.26
48.32,48.92,48.94,48.01
48.85,48.03,48.96,47.4
47.76,45.78,48.1,45.75
45.87,46.38,46.45,45.75
46.18,46.27,47.35,45.99
46.06,46.93,47.01,45.67
47.35,46.62,48.36,46.54
46.9001,45.31,46.95,44.95
45,44.05,45.04,44.01
44.13,44.79,45,44.04
44.57,44.63,44.78,43.89
44.63,43.71,44.65,43.47
43.72,43.4,44.27,43.4
44.1,43.86,44.61,43.56
43.54,44.505,44.68,43.47
44.55,43.77,44.71,43.38
43.93,44.08,44.37,43.62
44.33,44.67,44.895,44.01
44.36,43.2,44.36,42.83
43.19,43.65,44,43.1
43.76,43.22,43.9,43.18
43.29,43.18,44.01,43.11
43.24,43.07,43.48,42.46
43.16,41.87,43.92,41.84
41.89,42.07,42.31,41.705
41.55,42.44,42.44,41.25
42.62,42.28,42.7,42.16
42.55,42.59,43,42.2
42.07,41.91,42.22,41.43
42.26,41.59,42.45,41.57
41.19,41.44,42,40.65
41.36,41.23,41.84,41
41.4,42.05,42.37,41.39
42.58,41.61,42.76,41.51
41.51,42.08,42.19,41.18
42.08,41.3,42.27,41.27
41.67,42.11,42.35,41.51
42.05,42.09,42.66,41.72
41.89,41.71,42.34,41.7
41.95,42.37,42.46,41.44
42.22,41.25,42.36,40.84
41,40.28,41.19,39.75
40.14,40.09,41.34,39.87
39.72,40.3,40.47,39.69
40.49,40.28,40.63,39.93
40.8,40.55,41,39.8
39.89,38.35,40.07,38.35
38.27,38.11,38.29,36.91
37.85,39.51,39.71,37.85
40.13,39.25,40.1915,38.86
38.5,38.6,39.58,38.46
39.23,40.36,40.51,38.73
40.25,39.5,40.5201,38.98
39.75,40.52,40.75,39.56
39.4227,39.54,39.92,37.86
39.17,40.09,40.25,39.02
40.24,40.21,40.69,39.5
40.43,41.31,41.51,40.29
41.4999,41.27,42.11,40.97
41.21,40.892,41.32,40.34
41.12,42.008,42.12,40.6
42.3899,42.62,42.9,42.11
43.32,43.4,43.93,43
43.79,43.45,44.22,43.02
43.64,43.68,44.39,43.12
43.72,43.37,44.26,43.02
43.47,42.76,44.85,42.35
42.42,43.36,43.59,42.14
43.37,42,43.49,41.75
41.95,42.55,43.19,41.72
42.2,40.31,42.265,40.21
40.87,41.94,41.98,40.74
42.01,41.44,42.35,41.32
40.94,42.25,42.31,40.75
41.86,41.93,42.4,41.66
41.92,40.57,41.95,40.56
40.94,39.12,41.47,38.95
39.65,40.94,41,39.5
40.72,41.05,41.73,40.57
41.85,42.04,42.5,41.38
42.2,42.27,42.55,41.52
42.42,40.44,42.66,40.27
40.28,40.3,41.06,39.89
40.3,40.61,40.62,39.84
40.5,39.75,40.68,39.6
40,40.15,41,39.74
40.41,39.38,40.95,38.88
36.63,35.89,37.59,35.66
36.92,37.33,38.35,35.17
38.35,38.28,39.74,38
39.06,40.06,40.2,38.9
39.96,39.95,40.27,39.58
39.35,39.61,40,39
40,39.1,40.58,39.05
38.63,37.84,39.07,37.33
37.99,37.535,38.79,37
37.79,36.06,37.87,36
35.99,36.46,37.45,35.9691
36.45,37.05,37.31,35.78
37.03,37.39,38.22,36.9
37.9,38.27,38.39,37.73
38.39,38.23,39.8,38.12
39.35,39.24,39.75,39.05
39.57,39.85,40,39.1
39.68,40.13,40.4,39.66
40.28,39.98,40.44,39.8
40.31,39.96,40.48,39.7
39.96,39.44,39.9625,39.21
39.12,39.12,39.25,38.11
38.28,38.59,38.59,37.75
38.72,39.17,39.5,38.13
39.12,39.25,39.64,39.05
39.38,39.515,39.75,39.35
39.86,39.5,40.27,39.36
41.01,40.81,41.57,40.27
40.18,40.54,41.16,40.08
40.57,40.34,40.75,40.24
40.12,40.27,40.4,39.78
40.41,40.4,40.57,39.89
40.37,39.756,40.82,39.5
39.36,39.542,39.85,39.25
39.96,40.62,41.15,39.75
40.78,41.98,42.03,40.33
41.42,40.84,41.48,40.75
41.49,40.57,42,40.47
39.82,39.486,40,39.09
39.18,40.51,40.51,39.1
40.53,40.25,40.72,40.13
40.46,40.97,41.64,40.34
41.34,41.76,42.18,40.25
41.75,41.72,42.33,41.57
41.36,41.3,41.47,40.41
40.81,40.21,41.4,40
40.04,40.45,41.6,39.98
39.16,37.6,39.24,37.29
37.29,38.51,39,37.29
38.1,36.83,38.9,36.6
39.76,41.43,41.95,39.59
41.1879,41.3,42.35,41.1
41.56,40.89,41.59,40.535
40.85,41.11,41.7,40.23
41.34,41.69,41.8,40.99
41.29,42.26,42.7,41.2
42.73,41.96,42.75,41.68
41.78,41.27,41.91,41.16
41.63,41.57,41.99,41.06
41.33,41.07,41.54,40.27
40.79,41.66,42,40.44
41.18,40.57,41.2,40.05
41.13,40.4,41.15,40.1
40.87,40.27,41,40.2
40.31,41.24,41.74,40.13
41.38,41.38,41.89,40.98
41.41,41.38,41.47,40.4
40.84,41.19,41.97,40.84
41.29,41.88,42,41.06
42.16,41.69,42.16,41.48
41.47,42.34,42.39,41.32
42.3,42.62,42.76,42.06
42.6512,42.78,42.8,42.01
42.77,42.955,43.15,42.44
43.36,43.14,43.4,42.3
42.78,42.305,42.96,41.98
42.27,41.73,42.52,41.61
41.98,42.09,42.09,41.08
42.09,42.05,42.49,41.46
42.26,42.39,42.6,41.94
42.23,42.54,43.06,42.01
42.24,41.83,42.5,41.48
41.5501,41.29,41.62,40.77
41.64,41,41.68,41
40.83,40.54,40.95,39.96
40.54,40.01,40.77,39.9
40.04,39.92,40.24,39.25
39.8,39.24,39.8,38.72
39,39.12,39.25,38.83
39.43,38.78,39.74,38.28
39.17,39.21,39.6,37.94
37.87,37.85,38,37.41
38.01,37.013,38.06,36.83
36.77,37.78,37.78,36.68
37.89,38.22,38.78,37.64
38.82,39.1,39.35,38.54
38.93,39.66,39.75,38.67
40.01,39.9,40.23,39.44
39.89,39.38,39.99,39.25
39.08,38.61,39.66,38.38
38.92,38.09,38.96,37.87
37.87,38.26,38.63,37.86
38.58,38.55,38.95,37.9975
38.23,37.91,38.49,37.66
37.86,37.47,38,37.15
37.27,37.09,37.91,36.85
36.9,37.18,37.43,36.65
37.42,37.4,37.77,37.26
37.54,37.37,37.88,36.49
36.93,35.74,37.08,35.23
36.09,37.7,37.98,35.76
37.78,38.73,39.18,37.69
38.92,38.15,39.65,38.15
37.8899,38,38.28,37.37
38.22,39.21,40.25,38.22
40.15,40.22,40.65,39.05
40.5001,41.03,41.5,39.71
41.78,41.15,41.83,40.37
40.77,42.03,42.35,40.66
42.04,41.55,42.28,41
41.39,41.52,42.01,40.56
41.65,42.98,42.98,41.57
42.53,41.9,43.25,41.27
41.6699,42.43,42.68,41.65
42.08,42.2,43.24,41.3
42.45,43.3,43.78,42.33
43.08,42.52,44.18,42.51
42.75,43.03,43.25,42.16
43,43.87,44,42.64
43.35,44.99,45.58,43
45.1,44.75,45.19,44.66
45.03,45.025,45.4,44.78
45.03,45.2,45.43,44.86
45.35,44.99,45.47,44.75
45.25,44,45.33,43.84
43.84,43.15,44.09,42.78
43.21,43.44,43.71,43.15
43.59,43.52,43.9,43.3
43.58,43.5,43.62,43.11
43.54,43.62,43.79,43.35
43.86,43.86,44,43.7
43.93,43.6,43.99,43.39
43.39,43.6,43.75,43.09
43.46,43.35,43.77,43.01
43.42,42.59,43.45,42.56
42.84,43.04,43.46,42.5
42.53,42.76,43.15,42.3
42.99,43.26,43.68,42.8
43.56,43.03,43.7,42.71
43.07,42.86,43.99,42.4
42.69,42.25,42.92,42.2
42.33,42.45,42.84,42.26
42.63,43.04,43.27,42.5
42.62,42.71,42.94,42.4
42.6,42.06,42.78,41.8101
41.81,41.02,42.42,41
41.39,41.6,41.72,41.01
41.87,42.13,42.5,41.22
41.02,41.91,42.39,40.98
42.23,42.37,42.53,42.02
42.49,42.28,42.57,41.7
42.18,42.47,43.07,42.15
42.77,43.53,43.8,42.679
42.95,42.93,43.15,42.14
42.82,43.35,43.71,42.31
44.28,43.4,44.97,42.83
43.35,43.69,43.89,42.84
43.59,44.75,45,43.48
44.84,46.51,46.69,44.81
46.38,46.48,47.72,45.76
46.13,45.22,46.16,44.87
45.21,44.93,45.37,44.61
44.82,44.81,45.17,44.64
45.05,44.39,45.55,44.39
44.17,44.53,45.19,44.06
44.25,44.975,45.2609,43.85
44.86,44.18,44.99,43.9
43.91,44,44.19,43.52
44.27,43.95,44.51,43.78
44.17,43.73,44.5,43.65
43.95,44.12,44.54,43.83
44.1,44.52,44.72,43.58
44.28,44.35,44.5,43.93
44.27,43.95,44.53,43.73
